/*
 Navicat Premium Data Transfer

 Source Server         : Local
 Source Server Type    : MySQL
 Source Server Version : 50624
 Source Host           : localhost
 Source Database       : bookingv_hotel

 Target Server Type    : MySQL
 Target Server Version : 50624
 File Encoding         : utf-8

 Date: 03/16/2016 08:54:41 AM
*/

SET NAMES utf8;
SET FOREIGN_KEY_CHECKS = 0;

-- ----------------------------
--  Table structure for `booking_extras`
-- ----------------------------
DROP TABLE IF EXISTS `booking_extras`;
CREATE TABLE `booking_extras` (
  `extras_id` int(11) NOT NULL AUTO_INCREMENT,
  `extras_title` varchar(256) CHARACTER SET utf8 NOT NULL,
  `slug` varchar(50) COLLATE utf8_unicode_ci NOT NULL,
  `extras_description` text CHARACTER SET utf8 NOT NULL,
  `hotel_id` int(11) NOT NULL,
  `extras_rate` int(11) NOT NULL,
  `extras_per` varchar(50) COLLATE utf8_unicode_ci NOT NULL DEFAULT 'booking',
  `status` tinyint(1) NOT NULL,
  PRIMARY KEY (`extras_id`)
) ENGINE=MyISAM AUTO_INCREMENT=7 DEFAULT CHARSET=utf8 COLLATE=utf8_unicode_ci;

-- ----------------------------
--  Records of `booking_extras`
-- ----------------------------
BEGIN;
INSERT INTO `booking_extras` VALUES ('5', 'ini contoh kedua', 'ini_contoh_kedua', 'lalalalalla', '1', '10000', 'night', '1'), ('4', 'ini cont', 'ini_cont', 'contoh lalala', '1', '5000', 'booking', '1'), ('6', 'ini contoh ketiga', 'ini_contoh_ketiga', 'klaljadlsfj', '1', '1234134', 'asdfaf', '1');
COMMIT;

-- ----------------------------
--  Table structure for `bsi_admin`
-- ----------------------------
DROP TABLE IF EXISTS `bsi_admin`;
CREATE TABLE `bsi_admin` (
  `id` int(11) NOT NULL AUTO_INCREMENT,
  `pass` varchar(255) NOT NULL,
  `username` varchar(50) NOT NULL DEFAULT 'admin',
  `access_id` int(1) NOT NULL DEFAULT '0',
  `f_name` varchar(255) NOT NULL,
  `l_name` varchar(255) NOT NULL,
  `email` varchar(255) NOT NULL,
  `designation` varchar(255) NOT NULL,
  `last_login` timestamp NULL DEFAULT NULL,
  `status` tinyint(1) NOT NULL DEFAULT '1',
  PRIMARY KEY (`id`)
) ENGINE=InnoDB AUTO_INCREMENT=2 DEFAULT CHARSET=utf8 ROW_FORMAT=COMPACT;

-- ----------------------------
--  Records of `bsi_admin`
-- ----------------------------
BEGIN;
INSERT INTO `bsi_admin` VALUES ('1', 'e10adc3949ba59abbe56e057f20f883e', 'admin', '1', 'admin', '', 'admin@gmail.com', 'Administrator', '2014-12-03 14:50:15', '1');
COMMIT;

-- ----------------------------
--  Table structure for `bsi_adminmenu`
-- ----------------------------
DROP TABLE IF EXISTS `bsi_adminmenu`;
CREATE TABLE `bsi_adminmenu` (
  `id` int(4) NOT NULL AUTO_INCREMENT,
  `name` varchar(200) NOT NULL,
  `url` varchar(200) DEFAULT NULL,
  `parent_id` int(4) DEFAULT '0',
  `type` tinyint(1) NOT NULL DEFAULT '2' COMMENT '1=admin;2=manager',
  `status` enum('Y','N') CHARACTER SET latin1 DEFAULT 'Y',
  `ord` int(5) NOT NULL DEFAULT '0',
  PRIMARY KEY (`id`)
) ENGINE=InnoDB AUTO_INCREMENT=91 DEFAULT CHARSET=utf8 ROW_FORMAT=COMPACT;

-- ----------------------------
--  Records of `bsi_adminmenu`
-- ----------------------------
BEGIN;
INSERT INTO `bsi_adminmenu` VALUES ('6', 'SETTING', '#', '0', '3', 'Y', '9'), ('31', 'Global Setting', 'global_settings.php', '6', '2', 'Y', '1'), ('33', 'HOTEL MANAGER', '#', '0', '3', 'Y', '2'), ('34', 'Room Manager', 'room_list.php', '33', '2', 'Y', '1'), ('35', 'RoomType Manager', 'roomtype.php', '33', '2', 'Y', '2'), ('36', 'PricePlan Manager', 'priceplan.php', '63', '2', 'Y', '4'), ('37', 'BOOKING MANAGER', '#', '0', '2', 'Y', '4'), ('39', 'Pending Bookings', 'view_bookings.php', '37', '2', 'Y', '2'), ('43', 'Payment Gateway', 'payment_gateway.php', '6', '2', 'Y', '4'), ('44', 'Email Contents', 'email_content.php', '6', '2', 'Y', '5'), ('59', 'Capacity Manager', 'admin_capacity.php', '33', '2', 'Y', '3'), ('61', 'Advance Payment', 'advance_payment.php', '63', '2', 'N', '6'), ('63', 'PRICE MANAGER', '#', '0', '2', 'Y', '3'), ('66', 'Hotel Details', 'admin_hotel_details.php', '33', '2', 'Y', '0'), ('68', 'Reserved Rooms', 'reserved_rooms.php', '37', '2', 'Y', '6'), ('70', 'Advance Bookings', 'advance_bookings.php', '37', '2', 'Y', '4'), ('71', 'CUSTOMER LOOKUP', 'customerlookup.php', '0', '1', 'Y', '5'), ('72', 'Managers List', 'managers_list.php', '33', '1', 'Y', '6'), ('73', 'LANGUAGE MANAGER', '#', '0', '1', 'N', '6'), ('74', 'Manage Languages', 'manage_langauge.php', '6', '1', 'Y', '1'), ('75', 'Special Offer', 'view_special_offer.php', '63', '2', 'Y', '5'), ('76', 'CURRENCY MANAGER', '#', '0', '1', 'N', '7'), ('77', 'Manage Currency', 'currency_list.php', '6', '1', 'Y', '1'), ('78', 'Photo Gallery', 'gallery_list.php', '33', '2', 'Y', '7'), ('79', 'Room Blocking', 'room_block.php', '33', '2', 'Y', '10'), ('80', 'Add Hotel', 'create_hotel.php', '33', '1', 'Y', '1'), ('81', 'Hotel Packages', 'hotel_packages_list.php', '33', '1', 'N', '7'), ('82', 'Hotels Payments', 'hotels_payments.php', '33', '1', 'N', '10'), ('83', 'Special Customer', 'customerdiscount.php', '63', '2', 'N', '5'), ('84', 'Extra Charges', 'booking_extra.php', '63', '2', 'Y', '6'), ('85', 'Points Reset', 'points_reset.php', '6', '2', 'Y', '2'), ('88', 'DISCOUNT MANAGER', '#', '0', '2', 'Y', '3'), ('89', 'Group Manager', 'manage_group.php', '88', '2', 'Y', '1'), ('90', 'Customer Manager', 'manage_customer.php', '88', '2', 'Y', '2');
COMMIT;

-- ----------------------------
--  Table structure for `bsi_advance_payment`
-- ----------------------------
DROP TABLE IF EXISTS `bsi_advance_payment`;
CREATE TABLE `bsi_advance_payment` (
  `month_num` int(11) NOT NULL AUTO_INCREMENT,
  `month` varchar(255) NOT NULL,
  `deposit_percent` decimal(10,2) NOT NULL,
  PRIMARY KEY (`month_num`)
) ENGINE=InnoDB AUTO_INCREMENT=13 DEFAULT CHARSET=utf8;

-- ----------------------------
--  Records of `bsi_advance_payment`
-- ----------------------------
BEGIN;
INSERT INTO `bsi_advance_payment` VALUES ('1', 'January', '10.00'), ('2', 'February', '10.00'), ('3', 'March', '10.00'), ('4', 'April', '7.00'), ('5', 'May', '5.00'), ('6', 'June', '8.00'), ('7', 'July', '9.00'), ('8', 'August', '10.00'), ('9', 'September', '10.00'), ('10', 'October', '10.00'), ('11', 'November', '10.00'), ('12', 'December', '10.00');
COMMIT;

-- ----------------------------
--  Table structure for `bsi_bookings`
-- ----------------------------
DROP TABLE IF EXISTS `bsi_bookings`;
CREATE TABLE `bsi_bookings` (
  `booking_id` int(10) unsigned NOT NULL AUTO_INCREMENT,
  `room_id` int(11) NOT NULL,
  `hotel_id` int(11) NOT NULL,
  `booking_time` datetime NOT NULL DEFAULT '0000-00-00 00:00:00',
  `start_date` date NOT NULL DEFAULT '0000-00-00',
  `end_date` date NOT NULL DEFAULT '0000-00-00',
  `user_id` int(11) unsigned DEFAULT NULL,
  `booking_details_json` varchar(512) NOT NULL,
  `booking_extras_json` varchar(512) NOT NULL,
  `promo_id` int(11) DEFAULT NULL,
  `total_cost` varchar(20) NOT NULL,
  `payment_type` varchar(255) NOT NULL,
  `payment_success` tinyint(1) NOT NULL DEFAULT '0',
  `payment_txnid` varchar(100) DEFAULT NULL,
  `payment_method_detail` varchar(500) DEFAULT NULL,
  `payment_details_json` text NOT NULL,
  `status` tinyint(1) NOT NULL COMMENT '0=pending;1=confirmed;2=checkin;3=checkout;-1=rejected;-2=cancelled;-3=blocked;-4=unblocked;',
  PRIMARY KEY (`booking_id`),
  KEY `start_date` (`start_date`),
  KEY `end_date` (`end_date`),
  KEY `booking_time` (`promo_id`)
) ENGINE=InnoDB AUTO_INCREMENT=62 DEFAULT CHARSET=utf8;

-- ----------------------------
--  Records of `bsi_bookings`
-- ----------------------------
BEGIN;
INSERT INTO `bsi_bookings` VALUES ('32', '0', '0', '2015-12-10 09:45:56', '1970-01-01', '1970-01-01', '0', '[]', '{\"extra_6\":\"1\",\"extra_ini_contoh_ketiga_quantity\":\"3\",\"extra_5\":\"1\",\"extra_ini_contoh_kedua_quantity\":\"2\",\"extra_4\":\"1\",\"extra_ini_cont_quantity\":\"1\"}', '0', '0.00', '', '0', null, null, '', '0'), ('33', '0', '0', '2015-12-10 09:50:40', '1970-01-01', '1970-01-01', '0', '[]', '{\"extra_6\":\"1\",\"extra_ini_contoh_ketiga_quantity\":\"3\",\"extra_5\":\"1\",\"extra_ini_contoh_kedua_quantity\":\"2\",\"extra_4\":\"1\",\"extra_ini_cont_quantity\":\"1\"}', '0', '0.00', '', '0', null, null, '', '0'), ('34', '0', '0', '2015-12-10 09:52:22', '1970-01-01', '1970-01-01', '0', '[]', '{\"check_in_date\":\"12/10/2015\",\"check_out_date\":\"12/12/2015\",\"num_rooms\":\"1\",\"reservation_guest_name_1\":\"\",\"extra_6\":\"1\",\"extra_ini_contoh_ketiga_quantity\":\"3\",\"extra_5\":\"1\",\"extra_ini_contoh_kedua_quantity\":\"2\",\"extra_4\":\"1\",\"extra_ini_cont_quantity\":\"1\",\"reservation_total\":\"7147402\",\"user\":\"MTI0\",\"hotel\":\"1\",\"payment_type\":\"manual\",\"message\":\"\",\"tos\":\"on\",\"room\":\"9\",\"promo\":\"\",\"reserveIt\":\"1\"}', '0', '0.00', '', '0', null, null, '', '0'), ('35', '9', '1', '2015-12-10 10:41:28', '2015-12-10', '2015-12-12', '1', '{\"1\":{\"reservation_guest_name\":\"\",\"number_adults\":null,\"number_children\":null,\"number_infants\":null}}', '{\"smoking_rooms\":null,\"non_smoking_rooms\":null,\"airport_pickups\":null,\"airport_dropoffs\":null,\"return_airport_transfers\":null}', '0', '2959134.00', 'manual', '0', null, null, '', '-1'), ('36', '0', '0', '2015-12-10 10:53:31', '1970-01-01', '1970-01-01', '0', '[]', '{\"smoking_rooms\":null,\"non_smoking_rooms\":null,\"airport_pickups\":null,\"airport_dropoffs\":null,\"return_airport_transfers\":null}', '0', '0.00', '', '0', null, null, '', '0'), ('37', '0', '0', '2015-12-10 10:54:53', '1970-01-01', '1970-01-01', '0', '[]', '{\"smoking_rooms\":null,\"non_smoking_rooms\":null,\"airport_pickups\":null,\"airport_dropoffs\":null,\"return_airport_transfers\":null}', '0', '0.00', '', '0', null, null, '', '0'), ('38', '0', '0', '2015-12-10 10:55:57', '1970-01-01', '1970-01-01', '0', '[]', '{\"smoking_rooms\":null,\"non_smoking_rooms\":null,\"airport_pickups\":null,\"airport_dropoffs\":null,\"return_airport_transfers\":null}', '0', '0.00', '', '0', null, null, '', '0'), ('39', '0', '0', '2015-12-10 10:57:40', '1970-01-01', '1970-01-01', '0', '[]', '{\"smoking_rooms\":null,\"non_smoking_rooms\":null,\"airport_pickups\":null,\"airport_dropoffs\":null,\"return_airport_transfers\":null}', '0', '0.00', '', '0', null, null, '', '0'), ('40', '9', '1', '2015-12-10 11:05:10', '2015-12-10', '2015-12-12', '1', '{\"1\":{\"reservation_guest_name\":\"\",\"number_adults\":null,\"number_children\":null,\"number_infants\":null}}', '{\"smoking_rooms\":null,\"non_smoking_rooms\":null,\"airport_pickups\":null,\"airport_dropoffs\":null,\"return_airport_transfers\":null}', '0', '2959134.00', 'manual', '0', null, null, '', '-1'), ('41', '9', '1', '2015-12-10 11:07:31', '2015-12-10', '2015-12-12', '1', '{\"1\":{\"reservation_guest_name\":\"\",\"number_adults\":null,\"number_children\":null,\"number_infants\":null}}', '{\"smoking_rooms\":null,\"non_smoking_rooms\":null,\"airport_pickups\":null,\"airport_dropoffs\":null,\"return_airport_transfers\":null}', '0', '4689134.00', 'manual', '0', null, null, '', '-1'), ('42', '9', '1', '2015-12-10 11:08:29', '2015-12-10', '2015-12-12', '1', '{\"1\":{\"reservation_guest_name\":\"\",\"number_adults\":null,\"number_children\":null,\"number_infants\":null}}', '{\"smoking_rooms\":null,\"non_smoking_rooms\":null,\"airport_pickups\":null,\"airport_dropoffs\":null,\"return_airport_transfers\":null}', '0', '2964134.00', 'manual', '0', null, null, '', '-1'), ('43', '9', '1', '2015-12-11 03:23:49', '2015-12-11', '2015-12-13', '1', '{\"1\":{\"reservation_guest_name\":\"\",\"number_adults\":null,\"number_children\":null,\"number_infants\":null},\"2\":{\"reservation_guest_name\":null,\"number_adults\":null,\"number_children\":null,\"number_infants\":null}}', 'null', '0', '2959134.00', 'manual', '0', null, null, '', '-1'), ('44', '9', '1', '2015-12-11 03:37:01', '2015-12-11', '2015-12-13', '1', '{\"1\":{\"reservation_guest_name\":\"\",\"number_adults\":null,\"number_children\":null,\"number_infants\":null},\"2\":{\"reservation_guest_name\":\"\",\"number_adults\":null,\"number_children\":null,\"number_infants\":null}}', 'null', '0', '8089134.00', 'manual', '0', null, null, '', '-1'), ('45', '9', '1', '2015-12-11 03:41:26', '2015-12-11', '2015-12-13', '1', '{\"1\":{\"reservation_guest_name\":\"\",\"number_adults\":null,\"number_children\":null,\"number_infants\":null},\"2\":{\"reservation_guest_name\":\"\",\"number_adults\":null,\"number_children\":null,\"number_infants\":null}}', '{\"check_in_date\":\"12/11/2015\",\"check_out_date\":\"12/13/2015\",\"num_rooms\":\"2\",\"reservation_guest_name_1\":\"\",\"reservation_guest_name_2\":\"\",\"ini_contoh_ketiga\":\"1\",\"ini_contoh_ketiga_quantity\":\"2\",\"ini_contoh_kedua\":\"1\",\"ini_contoh_kedua_quantity\":\"1\",\"ini_cont\":\"1\",\"ini_cont_quantity\":\"1\",\"reservation_total\":\"9323268\",\"user\":\"MTI0\",\"hotel\":\"1\",\"payment_type\":\"manual\",\"message\":\"\",\"tos\":\"on\",\"room\":\"9\",\"promo\":\"\",\"reserveIt\":\"1\"}', '0', '9323268.00', 'manual', '0', null, null, '', '-1'), ('46', '9', '1', '2015-12-11 03:48:35', '2015-12-11', '2015-12-13', '1', '{\"1\":{\"reservation_guest_name\":\"\",\"number_adults\":null,\"number_children\":null,\"number_infants\":null},\"2\":{\"reservation_guest_name\":\"\",\"number_adults\":null,\"number_children\":null,\"number_infants\":null}}', '{\"extra_6\":\"1\",\"extra_ini_contoh_ketiga_quantity\":\"1\",\"extra_5\":\"1\",\"extra_ini_contoh_kedua_quantity\":\"2\",\"extra_4\":\"1\",\"extra_ini_cont_quantity\":\"3\"}', '0', '8109134.00', 'manual', '0', null, null, '', '-1'), ('47', '9', '1', '2015-12-11 05:22:55', '2015-12-11', '2015-12-13', '1', '{\"1\":{\"reservation_guest_name\":\"\",\"number_adults\":null,\"number_children\":null,\"number_infants\":null}}', '{\"extra_6\":\"1\",\"extra_ini_contoh_ketiga_quantity\":\"3\",\"extra_5\":\"1\",\"extra_ini_contoh_kedua_quantity\":\"2\",\"extra_4\":\"1\",\"extra_ini_cont_quantity\":\"1\"}', '0', '7194445.00', 'manual', '0', null, null, '', '1'), ('48', '15', '4', '2016-03-10 05:50:09', '2016-03-10', '2016-03-12', '1', '{\"1\":{\"reservation_guest_name\":\"\",\"number_adults\":null,\"number_children\":null,\"number_infants\":null}}', 'null', '0', '2.00', 'manual', '0', null, null, '', '0'), ('49', '15', '4', '2016-03-10 05:50:27', '2016-03-10', '2016-03-12', '1', '{\"1\":{\"reservation_guest_name\":\"\",\"number_adults\":null,\"number_children\":null,\"number_infants\":null}}', 'null', '0', '2.00', 'manual', '0', null, null, '', '0'), ('50', '15', '4', '2016-03-10 05:52:06', '2016-03-10', '2016-03-12', '1', '{\"1\":{\"reservation_guest_name\":\"\",\"number_adults\":null,\"number_children\":null,\"number_infants\":null}}', 'null', '0', '3.00', 'manual', '0', null, null, '', '0'), ('51', '15', '4', '2016-03-10 05:52:13', '2016-03-10', '2016-03-12', '1', '{\"1\":{\"reservation_guest_name\":\"\",\"number_adults\":null,\"number_children\":null,\"number_infants\":null}}', 'null', '0', '3.00', 'manual', '0', null, null, '', '0'), ('52', '15', '4', '2016-03-10 05:52:18', '2016-03-10', '2016-03-12', '1', '{\"1\":{\"reservation_guest_name\":\"\",\"number_adults\":null,\"number_children\":null,\"number_infants\":null}}', 'null', '0', '3.00', 'manual', '0', null, null, '', '0'), ('53', '14', '3', '2016-03-10 05:52:43', '2016-03-10', '2016-03-12', '1', '{\"1\":{\"reservation_guest_name\":\"\",\"number_adults\":null,\"number_children\":null,\"number_infants\":null}}', 'null', '0', '5.00', 'manual', '0', null, null, '', '0'), ('54', '21', '6', '2016-03-10 05:54:37', '2016-03-10', '2016-03-12', '1', '{\"1\":{\"reservation_guest_name\":\"\",\"number_adults\":null,\"number_children\":null,\"number_infants\":null}}', 'null', '0', '3.00', 'manual', '0', null, null, '', '0'), ('55', '15', '4', '2016-03-10 05:56:11', '2016-03-10', '2016-03-19', '1', '{\"1\":{\"reservation_guest_name\":\"\",\"number_adults\":null,\"number_children\":null,\"number_infants\":null}}', 'null', '0', '13.00', 'manual', '0', null, null, '', '0'), ('56', '15', '4', '2016-03-10 06:03:16', '2016-03-10', '2016-03-19', '1', '{\"1\":{\"reservation_guest_name\":\"\",\"number_adults\":null,\"number_children\":null,\"number_infants\":null}}', 'null', '0', '13.00', 'manual', '0', null, null, '', '0'), ('57', '15', '4', '2016-03-10 06:14:00', '2016-03-10', '2016-03-12', '1', '{\"1\":{\"reservation_guest_name\":\"\",\"number_adults\":null,\"number_children\":null,\"number_infants\":null}}', 'null', '0', '3.00', 'manual', '0', null, null, '', '0'), ('58', '9', '1', '2016-03-10 09:56:39', '2016-03-10', '2016-03-12', '1', '{\"1\":{\"reservation_guest_name\":\"\",\"number_adults\":null,\"number_children\":null,\"number_infants\":null}}', '{\"extra_ini_contoh_ketiga_quantity\":\"\",\"extra_ini_contoh_kedua_quantity\":\"\",\"extra_ini_cont_quantity\":\"\"}', '0', '2.00', 'manual', '0', null, null, '', '1'), ('59', '9', '1', '2016-03-10 10:02:51', '2016-03-10', '2016-03-12', '1', '{\"1\":{\"reservation_guest_name\":\"\",\"number_adults\":null,\"number_children\":null,\"number_infants\":null}}', '{\"extra_ini_contoh_ketiga_quantity\":\"\",\"extra_ini_contoh_kedua_quantity\":\"\",\"extra_ini_cont_quantity\":\"\"}', '0', '4.00', 'manual', '0', null, null, '', '1'), ('60', '9', '1', '2016-03-10 10:06:55', '2016-03-10', '2016-03-12', '1', '{\"1\":{\"reservation_guest_name\":\"\",\"number_adults\":null,\"number_children\":null,\"number_infants\":null}}', '{\"extra_ini_contoh_ketiga_quantity\":\"\",\"extra_ini_contoh_kedua_quantity\":\"\",\"extra_ini_cont_quantity\":\"\"}', '0', '3.42', 'manual', '0', null, null, '', '1'), ('61', '9', '1', '2016-03-10 10:08:14', '2016-03-10', '2016-03-12', '1', '{\"1\":{\"reservation_guest_name\":\"\",\"number_adults\":null,\"number_children\":null,\"number_infants\":null}}', '{\"extra_ini_contoh_ketiga_quantity\":\"\",\"extra_ini_contoh_kedua_quantity\":\"\",\"extra_ini_cont_quantity\":\"\"}', '0', '1.710.000', 'manual', '0', null, null, '', '1');
COMMIT;

-- ----------------------------
--  Table structure for `bsi_capacity`
-- ----------------------------
DROP TABLE IF EXISTS `bsi_capacity`;
CREATE TABLE `bsi_capacity` (
  `id` int(11) NOT NULL AUTO_INCREMENT,
  `title` varchar(255) NOT NULL,
  `capacity` int(11) NOT NULL,
  `hotel_id` int(11) NOT NULL,
  PRIMARY KEY (`id`)
) ENGINE=InnoDB AUTO_INCREMENT=17 DEFAULT CHARSET=utf8;

-- ----------------------------
--  Records of `bsi_capacity`
-- ----------------------------
BEGIN;
INSERT INTO `bsi_capacity` VALUES ('1', 'One Bedroom', '2', '1'), ('2', 'Three Bedroom', '5', '1'), ('5', 'Superior', '2', '2'), ('6', 'Deluxe', '4', '2'), ('7', 'Family', '6', '2'), ('8', 'Deluxe', '2', '3'), ('9', 'Suite', '2', '3'), ('10', 'Executive', '2', '4'), ('11', 'Deluxe', '2', '5'), ('12', 'Family Suite', '3', '5'), ('13', 'Superior', '2', '6'), ('14', 'Deluxe', '2', '6'), ('15', 'Royal Suite', '2', '6'), ('16', 'Honeymoon Suite', '2', '6');
COMMIT;

-- ----------------------------
--  Table structure for `bsi_currency`
-- ----------------------------
DROP TABLE IF EXISTS `bsi_currency`;
CREATE TABLE `bsi_currency` (
  `currency_id` int(11) NOT NULL AUTO_INCREMENT,
  `currency_code` varchar(10) NOT NULL,
  `currency_symbl` varchar(10) NOT NULL,
  `exchange_rate` decimal(20,6) NOT NULL,
  `default_c` tinyint(1) NOT NULL DEFAULT '0',
  `updated` datetime NOT NULL,
  `status` tinyint(1) NOT NULL,
  `format` enum('.',',') NOT NULL DEFAULT '.',
  PRIMARY KEY (`currency_id`)
) ENGINE=InnoDB AUTO_INCREMENT=16 DEFAULT CHARSET=utf8;

-- ----------------------------
--  Records of `bsi_currency`
-- ----------------------------
BEGIN;
INSERT INTO `bsi_currency` VALUES ('1', 'USD', '$', '0.000072', '0', '2015-11-18 11:00:11', '1', ','), ('2', 'AUD', '$', '0.000102', '0', '2015-11-18 11:00:11', '1', ','), ('3', 'BRL', 'R$', '0.000276', '0', '2015-11-18 11:00:11', '1', ','), ('4', 'CAD', '$', '0.000096', '0', '2015-11-18 11:00:11', '1', ','), ('5', 'CHF', 'CHF', '0.000073', '0', '2015-11-18 11:00:11', '1', ','), ('6', 'CNY', '¥', '0.000463', '0', '2015-11-18 11:00:11', '1', ','), ('7', 'CZK', 'Kč', '0.001836', '0', '2015-11-18 11:00:11', '1', ','), ('8', 'DKK', 'kr', '0.000507', '0', '2015-11-18 11:00:11', '1', ','), ('9', 'EUR', '€', '0.000068', '0', '2015-11-18 11:00:11', '1', '.'), ('10', 'GBP', '£', '0.000048', '0', '2015-11-18 11:00:11', '1', '.'), ('11', 'HKD', '$', '0.000562', '0', '2015-11-18 11:00:11', '1', ','), ('12', 'HUF', 'Ft', '0.021126', '0', '2015-11-18 11:00:11', '1', ','), ('15', 'IDR', 'Rp ', '1.000000', '1', '2015-11-18 11:00:11', '1', '.');
COMMIT;

-- ----------------------------
--  Table structure for `bsi_discount_group`
-- ----------------------------
DROP TABLE IF EXISTS `bsi_discount_group`;
CREATE TABLE `bsi_discount_group` (
  `id` int(11) NOT NULL AUTO_INCREMENT,
  `hotel_id` int(11) NOT NULL,
  `room_id` int(11) DEFAULT '0',
  `name` varchar(100) NOT NULL,
  `discount` int(3) DEFAULT '0',
  PRIMARY KEY (`id`)
) ENGINE=InnoDB AUTO_INCREMENT=4 DEFAULT CHARSET=latin1;

-- ----------------------------
--  Records of `bsi_discount_group`
-- ----------------------------
BEGIN;
INSERT INTO `bsi_discount_group` VALUES ('1', '1', '0', 'Exclusive', '20'), ('2', '1', '7', 'Silver', '15'), ('3', '1', '8', 'Bronze', '5');
COMMIT;

-- ----------------------------
--  Table structure for `bsi_discount_group_user`
-- ----------------------------
DROP TABLE IF EXISTS `bsi_discount_group_user`;
CREATE TABLE `bsi_discount_group_user` (
  `hotel_id` int(11) NOT NULL,
  `group_id` int(11) NOT NULL DEFAULT '0',
  `user_id` int(11) NOT NULL DEFAULT '0',
  PRIMARY KEY (`hotel_id`,`user_id`,`group_id`)
) ENGINE=InnoDB DEFAULT CHARSET=latin1;

-- ----------------------------
--  Records of `bsi_discount_group_user`
-- ----------------------------
BEGIN;
INSERT INTO `bsi_discount_group_user` VALUES ('1', '1', '1'), ('1', '1', '2'), ('1', '2', '3');
COMMIT;

-- ----------------------------
--  Table structure for `bsi_email_contents`
-- ----------------------------
DROP TABLE IF EXISTS `bsi_email_contents`;
CREATE TABLE `bsi_email_contents` (
  `id` int(11) NOT NULL AUTO_INCREMENT,
  `email_name` varchar(500) NOT NULL,
  `email_subject` varchar(500) NOT NULL,
  `email_text` longtext NOT NULL,
  `hotel_id` int(11) NOT NULL,
  PRIMARY KEY (`id`)
) ENGINE=InnoDB AUTO_INCREMENT=4 DEFAULT CHARSET=utf8;

-- ----------------------------
--  Records of `bsi_email_contents`
-- ----------------------------
BEGIN;
INSERT INTO `bsi_email_contents` VALUES ('1', 'Confirmation Email', 'Booking Confirmed', '<p>Hi Dear,</p>\r\n<p>Your booking has been <strong>confirmed</strong>.</p>\r\n<p>Regards,</p>\r\n<p>Indonesian Hotel,</p>\r\n<p>+45 224555465458</p>', '1'), ('2', 'Cancellation Email', 'Booking Cancelled', '<p>Hi Fellow,</p>\r\n<p>We are sorry to say but your booking has been <strong>cancelled</strong>.</p>\r\n<p>Please call our Support to get the reason for this cancellation.</p>\r\n<p><strong>Regards,</strong></p>\r\n<p><strong>Inodonesian Hotel,</strong></p>\r\n<p><strong>+78 54794778794</strong></p>', '1'), ('3', 'Confirmation Email', '', '', '2');
COMMIT;

-- ----------------------------
--  Table structure for `bsi_faqs`
-- ----------------------------
DROP TABLE IF EXISTS `bsi_faqs`;
CREATE TABLE `bsi_faqs` (
  `faqs_id` bigint(20) NOT NULL AUTO_INCREMENT,
  `faqs_title` text NOT NULL,
  `faqs_description` text NOT NULL,
  `faqs_type` int(11) NOT NULL,
  `faqs_hotel_id` int(11) NOT NULL,
  `faqs_dated` timestamp NOT NULL DEFAULT CURRENT_TIMESTAMP,
  PRIMARY KEY (`faqs_id`),
  UNIQUE KEY `faqs_id` (`faqs_id`)
) ENGINE=InnoDB DEFAULT CHARSET=latin1;

-- ----------------------------
--  Table structure for `bsi_gallery`
-- ----------------------------
DROP TABLE IF EXISTS `bsi_gallery`;
CREATE TABLE `bsi_gallery` (
  `pic_id` int(11) NOT NULL AUTO_INCREMENT,
  `room_id` int(11) NOT NULL,
  `hotel_id` int(11) NOT NULL,
  `img_path` varchar(255) NOT NULL,
  `status` tinyint(1) NOT NULL,
  `added` timestamp NOT NULL DEFAULT CURRENT_TIMESTAMP,
  PRIMARY KEY (`pic_id`)
) ENGINE=InnoDB AUTO_INCREMENT=92 DEFAULT CHARSET=utf8;

-- ----------------------------
--  Records of `bsi_gallery`
-- ----------------------------
BEGIN;
INSERT INTO `bsi_gallery` VALUES ('29', '7', '1', '1.jpg', '1', '2015-11-18 21:09:34'), ('30', '8', '1', '30.jpg', '1', '2015-11-18 21:09:46'), ('31', '9', '1', '31.jpg', '1', '2015-11-18 21:09:54'), ('32', '7', '1', '32.jpg', '1', '2015-11-18 21:10:25'), ('33', '8', '1', '33.jpg', '1', '2015-11-18 21:10:59'), ('34', '9', '1', '34.jpg', '1', '2015-11-18 21:11:09'), ('47', '13', '3', '1.jpg', '1', '2015-11-18 23:17:05'), ('48', '14', '3', '48.jpg', '1', '2015-11-18 23:17:17'), ('49', '13', '3', '49.jpg', '1', '2015-11-18 23:17:33'), ('50', '14', '3', '50.jpg', '1', '2015-11-18 23:17:45'), ('51', '13', '3', '51.jpg', '1', '2015-11-18 23:17:58'), ('52', '14', '3', '52.jpg', '1', '2015-11-18 23:18:05'), ('53', '13', '3', '53.jpg', '1', '2015-11-18 23:18:13'), ('61', '15', '4', '1.jpg', '1', '2015-11-18 23:32:59'), ('62', '15', '4', '62.jpg', '1', '2015-11-18 23:33:08'), ('63', '15', '4', '63.jpg', '1', '2015-11-18 23:33:22'), ('64', '15', '4', '64.jpg', '1', '2015-11-18 23:33:38'), ('65', '15', '4', '65.jpg', '1', '2015-11-18 23:33:44'), ('66', '15', '4', '66.jpg', '1', '2015-11-18 23:33:50'), ('67', '15', '4', '67.jpg', '1', '2015-11-18 23:33:59'), ('68', '16', '5', '1.jpg', '1', '2015-11-19 00:02:48'), ('69', '17', '5', '69.jpg', '1', '2015-11-19 00:02:55'), ('70', '16', '5', '70.jpg', '1', '2015-11-19 00:03:15'), ('71', '17', '5', '71.jpg', '1', '2015-11-19 00:03:22'), ('72', '16', '5', '72.jpg', '1', '2015-11-19 00:03:28'), ('73', '17', '5', '73.jpg', '1', '2015-11-19 00:03:38'), ('74', '17', '5', '74.jpg', '1', '2015-11-19 00:03:54'), ('75', '10', '2', '1.JPG', '1', '2015-11-19 00:06:02'), ('76', '11', '2', '76.JPG', '1', '2015-11-19 00:06:12'), ('77', '12', '2', '77.JPG', '1', '2015-11-19 00:06:22'), ('78', '10', '2', '78.JPG', '1', '2015-11-19 00:06:30'), ('80', '10', '2', '79.JPG', '1', '2015-11-19 00:28:51'), ('81', '12', '2', '81.JPG', '1', '2015-11-19 00:28:58'), ('82', '18', '6', '1.JPG', '1', '2015-11-19 01:05:31'), ('83', '19', '6', '83.JPG', '1', '2015-11-19 01:05:42'), ('84', '20', '6', '84.jpg', '1', '2015-11-19 01:05:59'), ('85', '21', '6', '85.jpg', '1', '2015-11-19 01:09:40'), ('86', '18', '6', '86.jpg', '1', '2015-11-19 01:10:00'), ('87', '19', '6', '87.JPG', '1', '2015-11-19 01:10:36'), ('88', '20', '6', '88.jpg', '1', '2015-11-19 01:10:54'), ('89', '21', '6', '89.JPG', '1', '2015-11-19 01:11:18'), ('90', '20', '6', '90.JPG', '1', '2015-11-19 01:15:13'), ('91', '21', '6', '91.JPG', '1', '2015-11-19 01:15:22');
COMMIT;

-- ----------------------------
--  Table structure for `bsi_hotels`
-- ----------------------------
DROP TABLE IF EXISTS `bsi_hotels`;
CREATE TABLE `bsi_hotels` (
  `hotel_id` int(11) NOT NULL AUTO_INCREMENT,
  `hotel_name` text NOT NULL,
  `hotel_short_description` text NOT NULL,
  `hotel_full_description` text NOT NULL,
  `hotel_address` varchar(256) NOT NULL,
  `hotel_logo` varchar(256) NOT NULL,
  `hotel_cover_image` varchar(256) NOT NULL DEFAULT '1.jpg',
  `hotel_amenities` text NOT NULL,
  `hotel_amenities_description` text NOT NULL,
  `hotel_latitude_longitude` varchar(32) NOT NULL,
  `hotel_info_type` varchar(32) NOT NULL,
  `hotel_info_extra_people` varchar(128) NOT NULL,
  `hotel_info_min_stay` varchar(32) NOT NULL,
  `hotel_info_security_deposit` int(11) NOT NULL,
  `hotel_info_country_id` int(11) NOT NULL,
  `hotel_info_city` varchar(256) NOT NULL,
  `hotel_info_cancellation` varchar(32) NOT NULL,
  `hotel_terms` text NOT NULL,
  `help_box_text` varchar(512) NOT NULL,
  `why_book_with_us` text NOT NULL,
  `phone` varchar(132) NOT NULL,
  `email` varchar(128) NOT NULL,
  `website` varchar(100) NOT NULL,
  `theme_color` varchar(7) NOT NULL DEFAULT '#F5F5F5',
  `notify_email` varchar(256) NOT NULL,
  `timezone` varchar(256) NOT NULL DEFAULT 'Asia/Jakarta',
  `default_language` int(11) NOT NULL DEFAULT '1',
  `default_currency` int(11) NOT NULL DEFAULT '1',
  `package` int(11) NOT NULL DEFAULT '7',
  `paid_upto` datetime NOT NULL DEFAULT '3000-01-01 23:59:59',
  `permalink` varchar(128) NOT NULL,
  `status` tinyint(11) NOT NULL,
  `point` int(11) NOT NULL DEFAULT '2',
  `hotel_added` datetime NOT NULL,
  PRIMARY KEY (`hotel_id`),
  UNIQUE KEY `hotel_id` (`hotel_id`)
) ENGINE=InnoDB AUTO_INCREMENT=7 DEFAULT CHARSET=latin1;

-- ----------------------------
--  Records of `bsi_hotels`
-- ----------------------------
BEGIN;
INSERT INTO `bsi_hotels` VALUES ('1', 'Royal Tunjung Bali', 'Its short description of hotel and Nunc cursus libero purus ac congue ar lorem cursus ut sed vitae pulvinar massa idend porta nequetiam elerisque mi id, consectetur adipi deese cing elit maus fringilla bibe endum.', '<p>Sed aliquam nunc eget velit imperdiet, in rutrum mauris malesuada. Quisque ullamcorper vulputate nisi, et fringilla ante convallis quis. Nullam vel tellus non elit suscipit volutpat. Integer id felis et nibh rutrum dignissim ut non risus. In tincidunt urna quis sem luctus, sed accumsan magna pellentesque. Donec et iaculis tellus. Vestibulum ut iaculis justo, auctor sodales lectus. Donec et tellus tempus, dignissim maurornare, consequat lacus. Integer dui neque, scelerisque nec sollicitudin sit amet, sodales a erat. Duis vitae condimentum ligula. Integer eu mi nisl. Donec massa dui, commodo id arcu quis, venenatis scelerisque velit.<br><br>Praesent eros turpis, commodo vel justo at, pulvinar mollis eros. Mauris aliquet eu quam id ornare. Morbi ac quam enim. Cras vitae nulla condimentum, semper dolor non, faucibus dolor. Vivamus adipiscing eros quis orci fringilla, sed pretium lectus viverra. Pellentesque habitant morbi tristique senectus et netus et malesuada fames ac turpis egestas. Donec nec velit non odio aliquam suscipit. Sed non neque faucibus, condimentum lectus at, accumsan enim. Fusce pretium egestas cursus. Etiam consectetur, orci vel rutrum volutpat, odio odio pretium nisiodo tellus libero et urna. Sed commodo ipsum ligula, id volutpat risus vehicula in. Pellentesque non massa eu nibh posuere bibendum non sed enim. Maecenas lobortis nulla sem, vel egestas dui ullamcorper ac.\r\n\r\n<br><br>Sed scelerisque lectus sit amet faucibus sodales. Proin ut risus tortor. Etiam fermentum tellus auctor, fringilla sapien et, congue quam. In a luctus tortor. Suspendisse eget tempor libero, ut sollicitudin ligula. Nulla vulputate tincidunt est non congue. Class aptent taciti sociosqu ad litora torquent per conubia nostra, per inceptos himenaeos. Phasellus at est imperdiet, dapibus ipsum vel, lacinia nulla. Vestibulum ante ipsum primis in faucibus orci luctus et ultrices posuere cubilia Curae; Phasellus id interdum lectus, ut elementum elit. Nullam a molestie magna. Praesent eros turpis, commodo vel justo at, pulvinar mollis eros. Mauris aliquet eu quam id ornare. Morbi ac quam enim. Cras vitae nulla condimentum, semper dolor non, faucibus dolor. Vivamus adipiscing eros quis orci fringilla, sed pretium lectus viverra.</p>', 'JL. PADMA UTARA - LEGIAN, KUTA, BADUNG, 80361', '1.png', '1.jpg', 'WI_FI|SWIMMING POOL|TELEVISION|COFFEE|AIR CONDITIONING|FITNESS FACILITY|FRIDGE|WINE BAR|SMOKING ALLOWED|ENTERTAINMENT|SECURE VAULT|PICK AND DROP|ROOM SERVICE|PETS ALLOWED|PLAY PLACE|COMPLIMENTARY BREAKFAST|FREE PARKING|CONFERENCE ROOM|FIRE PLACE|HANDICAP ACCESSIBLE|DOORMAN|HOT TUB|ELEVATOR IN BUILDING', 'Maecenas vitae turpis condimentum metus tincidunt semper bibendum ut orci. Donec eget accumsan est. Duis laoreet sagittis elit et vehicula. Cras viverra posuere condimentum. Donec urna arcu, venenatis quis augue sit amet, mattis gravida nunc. Integer faucibus, tortor a tristique adipiscing, arcu metus luctus libero, nec vulputate risus elit id nibh.', '-8.701852,115.166911', '4 Star', 'No charge', '1 Night', '0', '112', 'BALI', 'Strict', '<h3>Payment Policy</h3>\r\n<p>- Valid Credit Card Details are required to guarantee booking</p>\r\n                                    <h3>Cancellation Policy</h3>\r\n<p></p>\r\n                                    <h3>Normal Season</h3>\r\n<p>- One night charge for cancellation within 3 days<br>\r\n- Full charge for No-show</p>\r\n<h3>Peak Season (25 Dec - 1 Jan)</h3>\r\n<p>- One night charge for cancellation within 7 days<br>- Full charge for No-show</p>', 'We would be more than happy to help you. Our team advisor are 24/7 at your service to help you.', '<ul>\r\n            <li>\r\n                <i class=\"soap-icon-hotel-1 circle\"></i>\r\n                <h5 class=\"title\"><a href=\"#\">135,00+ Hotels</a></h5>\r\n                <p>Nunc cursus libero pur congue arut nimspnty.</p>\r\n            </li>\r\n            <li>\r\n                <i class=\"soap-icon-savings circle\"></i>\r\n                <h5 class=\"title\"><a href=\"#\">Low Rates & Savings</a></h5>\r\n                <p>Nunc cursus libero pur congue arut nimspnty.</p>\r\n            </li>\r\n            <li>\r\n                <i class=\"soap-icon-support circle\"></i>\r\n                <h5 class=\"title\"><a href=\"#\">Excellent Support</a></h5>\r\n                <p>Nunc cursus libero pur congue arut nimspnty.</p>\r\n            </li>\r\n        </ul>', '(031) 654 4567', 'help@hotel.com', 'http://www.juzwebs.com/hotelbali/', '#F5F5F5', 'admin@bookingventure.com', 'Asia/Jakarta', '1', '1', '7', '3000-01-01 23:59:59', '1-royal_tunjung_bali', '1', '2', '2014-11-14 00:00:00'), ('2', 'Royal Caravan', 'Its short description of hotel and Nunc cursus libero purus ac congue ar lorem cursus ut sed vitae pulvinar massa idend porta nequetiam elerisque mi id, consectetur adipi deese cing elit maus fringilla bibe endum.', '<p>Sed aliquam nunc eget velit imperdiet, in rutrum mauris malesuada. Quisque ullamcorper vulputate nisi, et fringilla ante convallis quis. Nullam vel tellus non elit suscipit volutpat. Integer id felis et nibh rutrum dignissim ut non risus. In tincidunt urna quis sem luctus, sed accumsan magna pellentesque. Donec et iaculis tellus. Vestibulum ut iaculis justo, auctor sodales lectus. Donec et tellus tempus, dignissim maurornare, consequat lacus. Integer dui neque, scelerisque nec sollicitudin sit amet, sodales a erat. Duis vitae condimentum ligula. Integer eu mi nisl. Donec massa dui, commodo id arcu quis, venenatis scelerisque velit.<br><br>Praesent eros turpis, commodo vel justo at, pulvinar mollis eros. Mauris aliquet eu quam id ornare. Morbi ac quam enim. Cras vitae nulla condimentum, semper dolor non, faucibus dolor. Vivamus adipiscing eros quis orci fringilla, sed pretium lectus viverra. Pellentesque habitant morbi tristique senectus et netus et malesuada fames ac turpis egestas. Donec nec velit non odio aliquam suscipit. Sed non neque faucibus, condimentum lectus at, accumsan enim. Fusce pretium egestas cursus. Etiam consectetur, orci vel rutrum volutpat, odio odio pretium nisiodo tellus libero et urna. Sed commodo ipsum ligula, id volutpat risus vehicula in. Pellentesque non massa eu nibh posuere bibendum non sed enim. Maecenas lobortis nulla sem, vel egestas dui ullamcorper ac.  <br><br>Sed scelerisque lectus sit amet faucibus sodales. Proin ut risus tortor. Etiam fermentum tellus auctor, fringilla sapien et, congue quam. In a luctus tortor. Suspendisse eget tempor libero, ut sollicitudin ligula. Nulla vulputate tincidunt est non congue. Class aptent taciti sociosqu ad litora torquent per conubia nostra, per inceptos himenaeos. Phasellus at est imperdiet, dapibus ipsum vel, lacinia nulla. Vestibulum ante ipsum primis in faucibus orci luctus et ultrices posuere cubilia Curae; Phasellus id interdum lectus, ut elementum elit. Nullam a molestie magna. Praesent eros turpis, commodo vel justo at, pulvinar mollis eros. Mauris aliquet eu quam id ornare. Morbi ac quam enim. Cras vitae nulla condimentum, semper dolor non, faucibus dolor. Vivamus adipiscing eros quis orci fringilla, sed pretium lectus viverra.</p>', 'Jl. Trawas, Ds. Sukosari', '1.png', '', 'WI_FI|SWIMMING POOL|TELEVISION|COFFEE|AIR CONDITIONING|FITNESS FACILITY|FRIDGE|WINE BAR|SMOKING ALLOWED|ENTERTAINMENT|SECURE VAULT|PICK AND DROP|ROOM SERVICE|PETS ALLOWED|PLAY PLACE|COMPLIMENTARY BREAKFAST|FREE PARKING|CONFERENCE ROOM|FIRE PLACE|HANDICAP ACCESSIBLE|DOORMAN|HOT TUB|ELEVATOR IN BUILDING', 'Maecenas vitae turpis condimentum metus tincidunt semper bibendum ut orci. Donec eget accumsan est. Duis laoreet sagittis elit et vehicula. Cras viverra posuere condimentum. Donec urna arcu, venenatis quis augue sit amet, mattis gravida nunc. Integer faucibus, tortor a tristique adipiscing, arcu metus luctus libero, nec vulputate risus elit id nibh.', '-7.64831,112.578984', '4 Star', 'No charge', '1 Night', '0', '112', 'MOJOKERTO', 'Strict', '<h3>Payment Policy</h3> <p>- Valid Credit Card Details are required to guarantee booking</p>                                     <h3>Cancellation Policy</h3> <p></p>                                     <h3>Normal Season</h3> <p>- One night charge for cancellation within 3 days<br> - Full charge for No-show</p> <h3>Peak Season (25 Dec - 1 Jan)</h3> <p>- One night charge for cancellation within 7 days<br>- Full charge for No-show</p>', 'We would be more than happy to help you. Our team advisor are 24/7 at your service to help you.', '<ul>             <li>                 <i class=\"soap-icon-hotel-1 circle\"></i>                 <h5 class=\"title\"><a href=\"#\">135,00+ Hotels</a></h5>                 <p>Nunc cursus libero pur congue arut nimspnty.</p>             </li>             <li>                 <i class=\"soap-icon-savings circle\"></i>                 <h5 class=\"title\"><a href=\"#\">Low Rates & Savings</a></h5>                 <p>Nunc cursus libero pur congue arut nimspnty.</p>             </li>             <li>                 <i class=\"soap-icon-support circle\"></i>                 <h5 class=\"title\"><a href=\"#\">Excellent Support</a></h5>                 <p>Nunc cursus libero pur congue arut nimspnty.</p>             </li>         </ul>', '(031) 654 4567', 'help@hotel.com', 'http://www.juzwebs.com/hotelcaravan/', '#f5f5f5', 'vuabid@hotmail.com', 'Asia/Jakarta', '1', '1', '7', '3000-01-01 23:59:59', '2-royal_caravan', '1', '2', '2015-01-12 07:15:44'), ('3', 'Royal City Jakarta', 'Its short description of hotel and Nunc cursus libero purus ac congue ar lorem cursus ut sed vitae pulvinar massa idend porta nequetiam elerisque mi id, consectetur adipi deese cing elit maus fringilla bibe endum.', '<p>Sed aliquam nunc eget velit imperdiet, in rutrum mauris malesuada. Quisque ullamcorper vulputate nisi, et fringilla ante convallis quis. Nullam vel tellus non elit suscipit volutpat. Integer id felis et nibh rutrum dignissim ut non risus. In tincidunt urna quis sem luctus, sed accumsan magna pellentesque. Donec et iaculis tellus. Vestibulum ut iaculis justo, auctor sodales lectus. Donec et tellus tempus, dignissim maurornare, consequat lacus. Integer dui neque, scelerisque nec sollicitudin sit amet, sodales a erat. Duis vitae condimentum ligula. Integer eu mi nisl. Donec massa dui, commodo id arcu quis, venenatis scelerisque velit.<br><br>Praesent eros turpis, commodo vel justo at, pulvinar mollis eros. Mauris aliquet eu quam id ornare. Morbi ac quam enim. Cras vitae nulla condimentum, semper dolor non, faucibus dolor. Vivamus adipiscing eros quis orci fringilla, sed pretium lectus viverra. Pellentesque habitant morbi tristique senectus et netus et malesuada fames ac turpis egestas. Donec nec velit non odio aliquam suscipit. Sed non neque faucibus, condimentum lectus at, accumsan enim. Fusce pretium egestas cursus. Etiam consectetur, orci vel rutrum volutpat, odio odio pretium nisiodo tellus libero et urna. Sed commodo ipsum ligula, id volutpat risus vehicula in. Pellentesque non massa eu nibh posuere bibendum non sed enim. Maecenas lobortis nulla sem, vel egestas dui ullamcorper ac.  <br><br>Sed scelerisque lectus sit amet faucibus sodales. Proin ut risus tortor. Etiam fermentum tellus auctor, fringilla sapien et, congue quam. In a luctus tortor. Suspendisse eget tempor libero, ut sollicitudin ligula. Nulla vulputate tincidunt est non congue. Class aptent taciti sociosqu ad litora torquent per conubia nostra, per inceptos himenaeos. Phasellus at est imperdiet, dapibus ipsum vel, lacinia nulla. Vestibulum ante ipsum primis in faucibus orci luctus et ultrices posuere cubilia Curae; Phasellus id interdum lectus, ut elementum elit. Nullam a molestie magna. Praesent eros turpis, commodo vel justo at, pulvinar mollis eros. Mauris aliquet eu quam id ornare. Morbi ac quam enim. Cras vitae nulla condimentum, semper dolor non, faucibus dolor. Vivamus adipiscing eros quis orci fringilla, sed pretium lectus viverra.</p>', 'Jl. Petojo VIY II no. 4, Cideng, Gambir, 10150', '1.png', '', 'WI_FI|SWIMMING POOL|TELEVISION|COFFEE|AIR CONDITIONING|FITNESS FACILITY|FRIDGE|WINE BAR|SMOKING ALLOWED|ENTERTAINMENT|SECURE VAULT|PICK AND DROP|ROOM SERVICE|PETS ALLOWED|PLAY PLACE|COMPLIMENTARY BREAKFAST|FREE PARKING|CONFERENCE ROOM|FIRE PLACE|HANDICAP ACCESSIBLE|DOORMAN|HOT TUB|ELEVATOR IN BUILDING', 'Maecenas vitae turpis condimentum metus tincidunt semper bibendum ut orci. Donec eget accumsan est. Duis laoreet sagittis elit et vehicula. Cras viverra posuere condimentum. Donec urna arcu, venenatis quis augue sit amet, mattis gravida nunc. Integer faucibus, tortor a tristique adipiscing, arcu metus luctus libero, nec vulputate risus elit id nibh.', '-6.172158, 106.808473', '4 Star', 'No charge', '1 Night', '0', '112', 'JAKARTA', 'Strict', '<h3>Payment Policy</h3> <p>- Valid Credit Card Details are required to guarantee booking</p>                                     <h3>Cancellation Policy</h3> <p></p>                                     <h3>Normal Season</h3> <p>- One night charge for cancellation within 3 days<br> - Full charge for No-show</p> <h3>Peak Season (25 Dec - 1 Jan)</h3> <p>- One night charge for cancellation within 7 days<br>- Full charge for No-show</p>', 'We would be more than happy to help you. Our team advisor are 24/7 at your service to help you.', '<ul>             <li>                 <i class=\"soap-icon-hotel-1 circle\"></i>                 <h5 class=\"title\"><a href=\"#\">135,00+ Hotels</a></h5>                 <p>Nunc cursus libero pur congue arut nimspnty.</p>             </li>             <li>                 <i class=\"soap-icon-savings circle\"></i>                 <h5 class=\"title\"><a href=\"#\">Low Rates & Savings</a></h5>                 <p>Nunc cursus libero pur congue arut nimspnty.</p>             </li>             <li>                 <i class=\"soap-icon-support circle\"></i>                 <h5 class=\"title\"><a href=\"#\">Excellent Support</a></h5>                 <p>Nunc cursus libero pur congue arut nimspnty.</p>             </li>         </ul>', '(031) 654 4567', 'help@hotel.com', 'http://www.juzwebs.com/hoteljakarta/', '#f5f5f5', 'admin@bookingventure.com', 'Asia/Jakarta', '0', '0', '7', '3000-01-01 23:59:59', '3-royal_city_jakarta', '1', '2', '2015-01-22 03:25:11'), ('4', 'Royal Orchird Garden', 'Its short description of hotel and Nunc cursus libero purus ac congue ar lorem cursus ut sed vitae pulvinar massa idend porta nequetiam elerisque mi id, consectetur adipi deese cing elit maus fringilla bibe endum.', '<p>Sed aliquam nunc eget velit imperdiet, in rutrum mauris malesuada. Quisque ullamcorper vulputate nisi, et fringilla ante convallis quis. Nullam vel tellus non elit suscipit volutpat. Integer id felis et nibh rutrum dignissim ut non risus. In tincidunt urna quis sem luctus, sed accumsan magna pellentesque. Donec et iaculis tellus. Vestibulum ut iaculis justo, auctor sodales lectus. Donec et tellus tempus, dignissim maurornare, consequat lacus. Integer dui neque, scelerisque nec sollicitudin sit amet, sodales a erat. Duis vitae condimentum ligula. Integer eu mi nisl. Donec massa dui, commodo id arcu quis, venenatis scelerisque velit.<br><br>Praesent eros turpis, commodo vel justo at, pulvinar mollis eros. Mauris aliquet eu quam id ornare. Morbi ac quam enim. Cras vitae nulla condimentum, semper dolor non, faucibus dolor. Vivamus adipiscing eros quis orci fringilla, sed pretium lectus viverra. Pellentesque habitant morbi tristique senectus et netus et malesuada fames ac turpis egestas. Donec nec velit non odio aliquam suscipit. Sed non neque faucibus, condimentum lectus at, accumsan enim. Fusce pretium egestas cursus. Etiam consectetur, orci vel rutrum volutpat, odio odio pretium nisiodo tellus libero et urna. Sed commodo ipsum ligula, id volutpat risus vehicula in. Pellentesque non massa eu nibh posuere bibendum non sed enim. Maecenas lobortis nulla sem, vel egestas dui ullamcorper ac.\n\n<br><br>Sed scelerisque lectus sit amet faucibus sodales. Proin ut risus tortor. Etiam fermentum tellus auctor, fringilla sapien et, congue quam. In a luctus tortor. Suspendisse eget tempor libero, ut sollicitudin ligula. Nulla vulputate tincidunt est non congue. Class aptent taciti sociosqu ad litora torquent per conubia nostra, per inceptos himenaeos. Phasellus at est imperdiet, dapibus ipsum vel, lacinia nulla. Vestibulum ante ipsum primis in faucibus orci luctus et ultrices posuere cubilia Curae; Phasellus id interdum lectus, ut elementum elit. Nullam a molestie magna. Praesent eros turpis, commodo vel justo at, pulvinar mollis eros. Mauris aliquet eu quam id ornare. Morbi ac quam enim. Cras vitae nulla condimentum, semper dolor non, faucibus dolor. Vivamus adipiscing eros quis orci fringilla, sed pretium lectus viverra.</p>', 'JL. Indragiri No.4 Batu, East Java, 65313', '1.png', '', 'WI_FI|SWIMMING POOL|TELEVISION|COFFEE|AIR CONDITIONING|FITNESS FACILITY|FRIDGE|WINE BAR|SMOKING ALLOWED|ENTERTAINMENT|SECURE VAULT|PICK AND DROP|ROOM SERVICE|PETS ALLOWED|PLAY PLACE|COMPLIMENTARY BREAKFAST|FREE PARKING|CONFERENCE ROOM|FIRE PLACE|HANDICAP ACCESSIBLE|DOORMAN|HOT TUB|ELEVATOR IN BUILDING', 'Maecenas vitae turpis condimentum metus tincidunt semper bibendum ut orci. Donec eget accumsan est. Duis laoreet sagittis elit et vehicula. Cras viverra posuere condimentum. Donec urna arcu, venenatis quis augue sit amet, mattis gravida nunc. Integer faucibus, tortor a tristique adipiscing, arcu metus luctus libero, nec vulputate risus elit id nibh.', '-7.8651154,112.5104638', '4 Star', 'No charge', '1 Night', '250', '112', 'BATU', 'Strict', '<h3>Payment Policy</h3>\n<p>- Valid Credit Card Details are required to guarantee booking</p>\n                                    <h3>Cancellation Policy</h3>\n<p></p>\n                                    <h3>Normal Season</h3>\n<p>- One night charge for cancellation within 3 days<br>\n- Full charge for No-show</p>\n<h3>Peak Season (25 Dec - 1 Jan)</h3>\n<p>- One night charge for cancellation within 7 days<br>- Full charge for No-show</p>', 'We would be more than happy to help you. Our team advisor are 24/7 at your service to help you.', '<ul>\n            <li>\n                <i class=\"soap-icon-hotel-1 circle\"></i>\n                <h5 class=\"title\"><a href=\"#\">135,00+ Hotels</a></h5>\n                <p>Nunc cursus libero pur congue arut nimspnty.</p>\n            </li>\n            <li>\n                <i class=\"soap-icon-savings circle\"></i>\n                <h5 class=\"title\"><a href=\"#\">Low Rates & Savings</a></h5>\n                <p>Nunc cursus libero pur congue arut nimspnty.</p>\n            </li>\n            <li>\n                <i class=\"soap-icon-support circle\"></i>\n                <h5 class=\"title\"><a href=\"#\">Excellent Support</a></h5>\n                <p>Nunc cursus libero pur congue arut nimspnty.</p>\n            </li>\n        </ul>', '(031) 654 4567', 'help@hotel.com', 'http://www.juzwebs.com/hotelorchid/', '#f5f5f5', 'zaeemrizwan@live.com', 'Asia/Jakarta', '0', '0', '7', '3000-01-01 23:59:59', '4-royal_orchird_garden', '1', '2', '2015-03-14 06:26:04'), ('5', 'Royal Trawas', 'Hotel Royal Trawas is a well-appointed accommodation located in Murree. Rooms are modern and cooled with air conditioning. Guests also enjoy free Wi-Fi access at all areas.', '<p>Sed aliquam nunc eget velit imperdiet, in rutrum mauris malesuada. Quisque ullamcorper vulputate nisi, et fringilla ante convallis quis. Nullam vel tellus non elit suscipit volutpat. Integer id felis et nibh rutrum dignissim ut non risus. In tincidunt urna quis sem luctus, sed accumsan magna pellentesque. Donec et iaculis tellus. Vestibulum ut iaculis justo, auctor sodales lectus. Donec et tellus tempus, dignissim maurornare, consequat lacus. Integer dui neque, scelerisque nec sollicitudin sit amet, sodales a erat. Duis vitae condimentum ligula. Integer eu mi nisl. Donec massa dui, commodo id arcu quis, venenatis scelerisque velit.<br><br>Praesent eros turpis, commodo vel justo at, pulvinar mollis eros. Mauris aliquet eu quam id ornare. Morbi ac quam enim. Cras vitae nulla condimentum, semper dolor non, faucibus dolor. Vivamus adipiscing eros quis orci fringilla, sed pretium lectus viverra. Pellentesque habitant morbi tristique senectus et netus et malesuada fames ac turpis egestas. Donec nec velit non odio aliquam suscipit. Sed non neque faucibus, condimentum lectus at, accumsan enim. Fusce pretium egestas cursus. Etiam consectetur, orci vel rutrum volutpat, odio odio pretium nisiodo tellus libero et urna. Sed commodo ipsum ligula, id volutpat risus vehicula in. Pellentesque non massa eu nibh posuere bibendum non sed enim. Maecenas lobortis nulla sem, vel egestas dui ullamcorper ac.\n\n<br><br>Sed scelerisque lectus sit amet faucibus sodales. Proin ut risus tortor. Etiam fermentum tellus auctor, fringilla sapien et, congue quam. In a luctus tortor. Suspendisse eget tempor libero, ut sollicitudin ligula. Nulla vulputate tincidunt est non congue. Class aptent taciti sociosqu ad litora torquent per conubia nostra, per inceptos himenaeos. Phasellus at est imperdiet, dapibus ipsum vel, lacinia nulla. Vestibulum ante ipsum primis in faucibus orci luctus et ultrices posuere cubilia Curae; Phasellus id interdum lectus, ut elementum elit. Nullam a molestie magna. Praesent eros turpis, commodo vel justo at, pulvinar mollis eros. Mauris aliquet eu quam id ornare. Morbi ac quam enim. Cras vitae nulla condimentum, semper dolor non, faucibus dolor. Vivamus adipiscing eros quis orci fringilla, sed pretium lectus viverra.</p>', 'Jl. Slepi - Trawas, 61375', '1.png', '', 'WI_FI|SWIMMING POOL|TELEVISION|COFFEE|AIR CONDITIONING|FITNESS FACILITY|FRIDGE|WINE BAR|SMOKING ALLOWED|ENTERTAINMENT|SECURE VAULT|PICK AND DROP|ROOM SERVICE|PETS ALLOWED|PLAY PLACE|COMPLIMENTARY BREAKFAST|FREE PARKING|CONFERENCE ROOM|FIRE PLACE|HANDICAP ACCESSIBLE|DOORMAN|HOT TUB|ELEVATOR IN BUILDING', 'Maecenas vitae turpis condimentum metus tincidunt semper bibendum ut orci. Donec eget accumsan est. Duis laoreet sagittis elit et vehicula. Cras viverra posuere condimentum. Donec urna arcu, venenatis quis augue sit amet, mattis gravida nunc. Integer faucibus, tortor a tristique adipiscing, arcu metus luctus libero, nec vulputate risus elit id nibh.', '-7.6783576,112.6094354', '4 Star', 'No charge', '1 Night', '250', '112', 'MOJOKERTO', 'Strict', '<h3>Payment Policy</h3>\n<p>- Valid Credit Card Details are required to guarantee booking</p>\n                                    <h3>Cancellation Policy</h3>\n<p></p>\n                                    <h3>Normal Season</h3>\n<p>- One night charge for cancellation within 3 days<br>\n- Full charge for No-show</p>\n<h3>Peak Season (25 Dec - 1 Jan)</h3>\n<p>- One night charge for cancellation within 7 days<br>- Full charge for No-show</p>', 'We would be more than happy to help you. Our team advisor are 24/7 at your service to help you.', '<ul>\n            <li>\n                <i class=\"soap-icon-hotel-1 circle\"></i>\n                <h5 class=\"title\"><a href=\"#\">135,00+ Hotels</a></h5>\n                <p>Nunc cursus libero pur congue arut nimspnty.</p>\n            </li>\n            <li>\n                <i class=\"soap-icon-savings circle\"></i>\n                <h5 class=\"title\"><a href=\"#\">Low Rates & Savings</a></h5>\n                <p>Nunc cursus libero pur congue arut nimspnty.</p>\n            </li>\n            <li>\n                <i class=\"soap-icon-support circle\"></i>\n                <h5 class=\"title\"><a href=\"#\">Excellent Support</a></h5>\n                <p>Nunc cursus libero pur congue arut nimspnty.</p>\n            </li>\n        </ul>', '(031) 654 4567', 'help@hotel.com', 'http://www.juzwebs.com/hoteltrawas/', '#f5f5f5', 'zaeemrizwan@yahoo.com', 'Asia/Jakarta', '0', '0', '7', '3000-01-01 23:59:59', '5-royal_trawas', '1', '2', '2015-03-14 06:50:45'), ('6', 'Royal Tretes', 'Its short description of hotel and Nunc cursus libero purus ac congue ar lorem cursus ut sed vitae pulvinar massa idend porta nequetiam elerisque mi id, consectetur adipi deese cing elit maus fringilla bibe endum.', '<p>Sed aliquam nunc eget velit imperdiet, in rutrum mauris malesuada. Quisque ullamcorper vulputate nisi, et fringilla ante convallis quis. Nullam vel tellus non elit suscipit volutpat. Integer id felis et nibh rutrum dignissim ut non risus. In tincidunt urna quis sem luctus, sed accumsan magna pellentesque. Donec et iaculis tellus. Vestibulum ut iaculis justo, auctor sodales lectus. Donec et tellus tempus, dignissim maurornare, consequat lacus. Integer dui neque, scelerisque nec sollicitudin sit amet, sodales a erat. Duis vitae condimentum ligula. Integer eu mi nisl. Donec massa dui, commodo id arcu quis, venenatis scelerisque velit.<br><br>Praesent eros turpis, commodo vel justo at, pulvinar mollis eros. Mauris aliquet eu quam id ornare. Morbi ac quam enim. Cras vitae nulla condimentum, semper dolor non, faucibus dolor. Vivamus adipiscing eros quis orci fringilla, sed pretium lectus viverra. Pellentesque habitant morbi tristique senectus et netus et malesuada fames ac turpis egestas. Donec nec velit non odio aliquam suscipit. Sed non neque faucibus, condimentum lectus at, accumsan enim. Fusce pretium egestas cursus. Etiam consectetur, orci vel rutrum volutpat, odio odio pretium nisiodo tellus libero et urna. Sed commodo ipsum ligula, id volutpat risus vehicula in. Pellentesque non massa eu nibh posuere bibendum non sed enim. Maecenas lobortis nulla sem, vel egestas dui ullamcorper ac.\n\n<br><br>Sed scelerisque lectus sit amet faucibus sodales. Proin ut risus tortor. Etiam fermentum tellus auctor, fringilla sapien et, congue quam. In a luctus tortor. Suspendisse eget tempor libero, ut sollicitudin ligula. Nulla vulputate tincidunt est non congue. Class aptent taciti sociosqu ad litora torquent per conubia nostra, per inceptos himenaeos. Phasellus at est imperdiet, dapibus ipsum vel, lacinia nulla. Vestibulum ante ipsum primis in faucibus orci luctus et ultrices posuere cubilia Curae; Phasellus id interdum lectus, ut elementum elit. Nullam a molestie magna. Praesent eros turpis, commodo vel justo at, pulvinar mollis eros. Mauris aliquet eu quam id ornare. Morbi ac quam enim. Cras vitae nulla condimentum, semper dolor non, faucibus dolor. Vivamus adipiscing eros quis orci fringilla, sed pretium lectus viverra.</p>', 'Jl.Gajahmada 6-7 - Tretes, Pandaan', '1.png', '', 'WI_FI|SWIMMING POOL|TELEVISION|COFFEE|AIR CONDITIONING|FITNESS FACILITY|FRIDGE|WINE BAR|SMOKING ALLOWED|ENTERTAINMENT|SECURE VAULT|PICK AND DROP|ROOM SERVICE|PETS ALLOWED|PLAY PLACE|COMPLIMENTARY BREAKFAST|FREE PARKING|CONFERENCE ROOM|FIRE PLACE|HANDICAP ACCESSIBLE|DOORMAN|HOT TUB|ELEVATOR IN BUILDING', 'Maecenas vitae turpis condimentum metus tincidunt semper bibendum ut orci. Donec eget accumsan est. Duis laoreet sagittis elit et vehicula. Cras viverra posuere condimentum. Donec urna arcu, venenatis quis augue sit amet, mattis gravida nunc. Integer faucibus, tortor a tristique adipiscing, arcu metus luctus libero, nec vulputate risus elit id nibh.', '-7.7015333,112.6357537', '4 Star', 'No charge', '1 Night', '45', '112', 'PASURUAN', 'Strict', '<h3>Payment Policy</h3>\n<p>- Valid Credit Card Details are required to guarantee booking</p>\n                                    <h3>Cancellation Policy</h3>\n<p></p>\n                                    <h3>Normal Season</h3>\n<p>- One night charge for cancellation within 3 days<br>\n- Full charge for No-show</p>\n<h3>Peak Season (25 Dec - 1 Jan)</h3>\n<p>- One night charge for cancellation within 7 days<br>- Full charge for No-show</p>', 'We would be more than happy to help you. Our team advisor are 24/7 at your service to help you.', '<ul>\n            <li>\n                <i class=\"soap-icon-hotel-1 circle\"></i>\n                <h5 class=\"title\"><a href=\"#\">135,00+ Hotels</a></h5>\n                <p>Nunc cursus libero pur congue arut nimspnty.</p>\n            </li>\n            <li>\n                <i class=\"soap-icon-savings circle\"></i>\n                <h5 class=\"title\"><a href=\"#\">Low Rates & Savings</a></h5>\n                <p>Nunc cursus libero pur congue arut nimspnty.</p>\n            </li>\n            <li>\n                <i class=\"soap-icon-support circle\"></i>\n                <h5 class=\"title\"><a href=\"#\">Excellent Support</a></h5>\n                <p>Nunc cursus libero pur congue arut nimspnty.</p>\n            </li>\n        </ul>', '(031) 654 4567', 'help@hotel.com', 'http://www.juzwebs.com/hoteltretes/', '#f5f5f5', 'chanif@gbustudio.com', 'Asia/Jakarta', '0', '0', '7', '3000-01-01 23:59:59', '6-royal_tretes', '1', '2', '2015-11-11 08:16:36');
COMMIT;

-- ----------------------------
--  Table structure for `bsi_language`
-- ----------------------------
DROP TABLE IF EXISTS `bsi_language`;
CREATE TABLE `bsi_language` (
  `id` int(11) NOT NULL AUTO_INCREMENT,
  `lang_title` varchar(255) NOT NULL,
  `lang_code` varchar(10) NOT NULL,
  `lang_file` varchar(255) NOT NULL,
  `lang_default` tinyint(1) NOT NULL DEFAULT '0',
  `status` tinyint(1) NOT NULL,
  PRIMARY KEY (`id`)
) ENGINE=InnoDB AUTO_INCREMENT=18 DEFAULT CHARSET=utf8;

-- ----------------------------
--  Records of `bsi_language`
-- ----------------------------
BEGIN;
INSERT INTO `bsi_language` VALUES ('1', 'English', 'en', 'english.php', '1', '1'), ('2', 'French', 'fr', 'french.php', '0', '1'), ('3', 'German', 'de', 'german.php', '0', '1'), ('4', 'Greek', 'el', 'greek.php', '0', '1'), ('5', 'Spanish', 'es', 'espanol.php', '0', '1'), ('6', 'Italian', 'it', 'italian.php', '0', '1'), ('7', 'Dutch', 'nl', 'dutch.php', '0', '1'), ('8', 'Polish', 'pl', 'polish.php', '0', '1'), ('9', 'Portuguese', 'pt', 'portuguese.php', '0', '1'), ('10', 'Russian', 'ru', 'russian.php', '0', '1'), ('11', 'Turkish', 'tr', 'turkish.php', '0', '1'), ('12', 'Thai', 'th', 'thai.php', '0', '1'), ('13', 'Chinese', 'zh-CN', 'chinese.php', '0', '1'), ('14', 'Indonesian', 'id', 'indonesian.php', '0', '1'), ('15', 'Romanian', 'ro', 'romanian.php', '0', '1'), ('17', 'Japanese', 'ja', 'japanese.php', '0', '1');
COMMIT;

-- ----------------------------
--  Table structure for `bsi_payment_gateway`
-- ----------------------------
DROP TABLE IF EXISTS `bsi_payment_gateway`;
CREATE TABLE `bsi_payment_gateway` (
  `id` int(11) NOT NULL AUTO_INCREMENT,
  `hotel_id` int(11) NOT NULL,
  `gateway_name` varchar(255) NOT NULL,
  `gateway_code` varchar(50) NOT NULL,
  `account` varchar(255) DEFAULT NULL,
  `enabled` tinyint(1) NOT NULL DEFAULT '0',
  PRIMARY KEY (`id`)
) ENGINE=InnoDB AUTO_INCREMENT=55 DEFAULT CHARSET=utf8;

-- ----------------------------
--  Records of `bsi_payment_gateway`
-- ----------------------------
BEGIN;
INSERT INTO `bsi_payment_gateway` VALUES ('1', '1', 'PayPal', 'pp', 'phpdev_1330251667_biz@aol.com', '1'), ('2', '1', '2Checkout', 'co', '102426400||tango', '1'), ('3', '1', 'Authorize.Net(DPM)', 'auth', '9qzJ2FHV2Bk||950be71f67503e6cfe408511f24a0d45||4cd38R4Q58aCb5M8', '0'), ('4', '1', 'Stripe', 'stripe', '||', '0'), ('5', '1', 'Manual : Pay on Arrival', 'manual', null, '1'), ('6', '1', 'Offline Credit Card', 'cc', null, '0'), ('7', '2', 'PayPal', 'pp', null, '0'), ('8', '2', '2Checkout', 'co', null, '0'), ('9', '2', 'Authorize.Net(DPM)', 'auth', null, '0'), ('10', '2', 'Stripe', 'stripe', null, '0'), ('11', '2', 'Manual : Pay on Arrival', 'manual', null, '1'), ('12', '2', 'Offline Credit Card', 'cc', null, '0'), ('13', '3', 'PayPal', 'pp', null, '0'), ('14', '3', '2Checkout', 'co', null, '0'), ('15', '3', 'Authorize.Net(DPM)', 'auth', null, '0'), ('16', '3', 'Stripe', 'stripe', null, '0'), ('17', '3', 'Manual : Pay on Arrival', 'manual', null, '1'), ('18', '3', 'Offline Credit Card', 'cc', null, '0'), ('19', '4', 'PayPal', 'pp', null, '0'), ('20', '4', '2Checkout', 'co', null, '0'), ('21', '4', 'Authorize.Net(DPM)', 'auth', null, '0'), ('22', '4', 'Stripe', 'stripe', null, '0'), ('23', '4', 'Manual : Pay on Arrival', 'manual', null, '1'), ('24', '4', 'Offline Credit Card', 'cc', null, '0'), ('25', '5', 'PayPal', 'pp', null, '0'), ('26', '5', '2Checkout', 'co', null, '0'), ('27', '5', 'Authorize.Net(DPM)', 'auth', null, '0'), ('28', '5', 'Stripe', 'stripe', null, '0'), ('29', '5', 'Manual : Pay on Arrival', 'manual', null, '1'), ('30', '5', 'Offline Credit Card', 'cc', null, '0'), ('31', '6', 'PayPal', 'pp', null, '0'), ('32', '6', '2Checkout', 'co', null, '0'), ('33', '6', 'Authorize.Net(DPM)', 'auth', null, '0'), ('34', '6', 'Stripe', 'stripe', null, '0'), ('35', '6', 'Manual : Pay on Arrival', 'manual', null, '1'), ('36', '6', 'Offline Credit Card', 'cc', null, '0'), ('37', '7', 'PayPal', 'pp', null, '0'), ('38', '7', '2Checkout', 'co', null, '0'), ('39', '7', 'Authorize.Net(DPM)', 'auth', null, '0'), ('40', '7', 'Stripe', 'stripe', null, '0'), ('41', '7', 'Manual : Pay on Arrival', 'manual', null, '1'), ('42', '7', 'Offline Credit Card', 'cc', null, '0'), ('43', '8', 'PayPal', 'pp', null, '0'), ('44', '8', '2Checkout', 'co', null, '0'), ('45', '8', 'Authorize.Net(DPM)', 'auth', null, '0'), ('46', '8', 'Stripe', 'stripe', null, '0'), ('47', '8', 'Manual : Pay on Arrival', 'manual', null, '1'), ('48', '8', 'Offline Credit Card', 'cc', null, '0'), ('49', '9', 'PayPal', 'pp', null, '0'), ('50', '9', '2Checkout', 'co', null, '0'), ('51', '9', 'Authorize.Net(DPM)', 'auth', null, '0'), ('52', '9', 'Stripe', 'stripe', null, '0'), ('53', '9', 'Manual : Pay on Arrival', 'manual', null, '1'), ('54', '9', 'Offline Credit Card', 'cc', null, '0');
COMMIT;

-- ----------------------------
--  Table structure for `bsi_priceplan`
-- ----------------------------
DROP TABLE IF EXISTS `bsi_priceplan`;
CREATE TABLE `bsi_priceplan` (
  `plan_id` int(10) NOT NULL AUTO_INCREMENT,
  `room_id` int(11) NOT NULL,
  `hotel_id` int(11) NOT NULL,
  `start_date` date NOT NULL,
  `end_date` date NOT NULL,
  `sun` decimal(10,2) DEFAULT '0.00',
  `mon` decimal(10,2) DEFAULT '0.00',
  `tue` decimal(10,2) DEFAULT '0.00',
  `wed` decimal(10,2) DEFAULT '0.00',
  `thu` decimal(10,2) DEFAULT '0.00',
  `fri` decimal(10,2) DEFAULT '0.00',
  `sat` decimal(10,2) DEFAULT '0.00',
  `status` tinyint(1) NOT NULL DEFAULT '1',
  PRIMARY KEY (`plan_id`)
) ENGINE=InnoDB AUTO_INCREMENT=9 DEFAULT CHARSET=utf8;

-- ----------------------------
--  Records of `bsi_priceplan`
-- ----------------------------
BEGIN;
INSERT INTO `bsi_priceplan` VALUES ('1', '1', '1', '0000-00-00', '0000-00-00', '130.00', '130.00', '130.00', '130.00', '135.00', '135.00', '130.00', '-1'), ('2', '2', '1', '0000-00-00', '0000-00-00', '70.00', '70.00', '70.00', '70.00', '75.00', '75.00', '80.00', '-1'), ('3', '3', '1', '0000-00-00', '0000-00-00', '900.00', '900.00', '900.00', '900.00', '950.00', '950.00', '900.00', '-1'), ('4', '4', '1', '0000-00-00', '0000-00-00', '350.00', '350.00', '350.00', '350.00', '400.00', '350.00', '350.00', '-1'), ('5', '5', '1', '0000-00-00', '0000-00-00', '190.00', '150.00', '150.00', '150.00', '150.00', '200.00', '190.00', '-1'), ('6', '1', '1', '2014-12-17', '2014-12-25', '400.00', '410.00', '420.00', '430.00', '440.00', '450.00', '460.00', '-1'), ('7', '1', '1', '2014-11-27', '2014-11-29', '100.00', '110.00', '110.00', '110.00', '110.00', '110.00', '120.00', '-1'), ('8', '7', '1', '2015-12-21', '2015-12-31', '100.00', '200.00', '300.00', '400.00', '500.00', '600.00', '700.00', '-1');
COMMIT;

-- ----------------------------
--  Table structure for `bsi_room`
-- ----------------------------
DROP TABLE IF EXISTS `bsi_room`;
CREATE TABLE `bsi_room` (
  `room_id` int(11) NOT NULL AUTO_INCREMENT,
  `hotel_id` int(11) NOT NULL,
  `roomtype_id` int(10) DEFAULT NULL,
  `capacity_id` int(10) DEFAULT NULL,
  `room_rate` int(11) NOT NULL,
  `room_description` text NOT NULL,
  `room_basic_pic` varchar(256) NOT NULL,
  `room_basic_amenities` varchar(512) NOT NULL,
  `room_guests_capacity` varchar(128) NOT NULL,
  `no_of_rooms` int(11) DEFAULT NULL,
  `room_numbers` varchar(512) NOT NULL,
  `hot` tinyint(1) NOT NULL,
  `status` tinyint(1) NOT NULL,
  PRIMARY KEY (`room_id`),
  KEY `roomtype_id` (`roomtype_id`)
) ENGINE=InnoDB AUTO_INCREMENT=22 DEFAULT CHARSET=utf8;

-- ----------------------------
--  Records of `bsi_room`
-- ----------------------------
BEGIN;
INSERT INTO `bsi_room` VALUES ('7', '1', '1', '1', '1080150', 'A 16 square meter with garden view room is equipped with 2 in 1 bed and other complete facilities to make your stay comfortable.', '7.JPG', 'WI_FI|TELEVISION|COFFEE|AIR CONDITIONING|SMOKING ALLOWED|ROOM SERVICE|FREE PARKING', '1', '50', '', '1', '1'), ('8', '1', '2', '2', '1567501', 'A 16 square meter with garden view room is equipped with 2 in 1 bed and other complete facilities to make your stay comfortable.', '8.jpg', 'WI_FI|SWIMMING POOL|TELEVISION|COFFEE|AIR CONDITIONING|FRIDGE|ENTERTAINMENT|SECURE VAULT', '1', '50', '', '1', '1'), ('9', '1', '3', '2', '1710000', 'A 16 square meter with garden view room is equipped with 2 in 1 bed and other complete facilities to make your stay comfortable.', '9.jpg', 'WI_FI|TELEVISION|COFFEE|AIR CONDITIONING|FITNESS FACILITY|FRIDGE|SMOKING ALLOWED|ENTERTAINMENT|SECURE VAULT|ROOM SERVICE', '1', '50', '', '1', '1'), ('10', '2', '4', '5', '253595', 'A 16 square meter with garden view room is equipped with 2 in 1 bed and other complete facilities to make your stay comfortable.', '10.JPG', 'WI_FI|TELEVISION|COFFEE|AIR CONDITIONING', '1', '50', '', '1', '1'), ('11', '2', '4', '6', '636364', 'A 40 square meter Deluxe room offer a spacious room with garden view. Deluxe room can accommodate up to 4 adults.', '11.JPG', 'WI_FI|TELEVISION|COFFEE|AIR CONDITIONING|SMOKING ALLOWED|ENTERTAINMENT|SECURE VAULT', '1', '50', '', '1', '1'), ('12', '2', '4', '7', '1500000', '2 Storey building with 3 bedrooms offering stunning nature garden view and spacious living room.', '12.JPG', 'WI_FI|TELEVISION|COFFEE|AIR CONDITIONING|FRIDGE|SMOKING ALLOWED|ENTERTAINMENT|SECURE VAULT', '1', '50', '', '1', '1'), ('13', '3', '5', '8', '847000', 'A 16 square meter with garden view room is equipped with 2 in 1 bed and other complete facilities to make your stay comfortable.', '13.jpg', 'WI_FI|SWIMMING POOL|TELEVISION|COFFEE|AIR CONDITIONING|FITNESS FACILITY', '1', '50', '', '1', '1'), ('14', '3', '5', '9', '2420000', 'A 16 square meter with garden view room is equipped with 2 in 1 bed and other complete facilities to make your stay comfortable.', '14.jpg', 'WI_FI|SWIMMING POOL|AIR CONDITIONING|FRIDGE|WINE BAR|FREE PARKING', '1', '50', '', '1', '1'), ('15', '4', '6', '10', '1342900', 'A 16 square meter with garden view room is equipped with 2 in 1 bed and other complete facilities to make your stay comfortable.', '15.jpg', 'WI_FI|SWIMMING POOL|TELEVISION|AIR CONDITIONING|FITNESS FACILITY|FRIDGE|WINE BAR', '1', '50', '', '1', '1'), ('16', '5', '7', '11', '285124', 'A comfortable room with natural garden and vegetable plantation View', '16.jpg', 'WI_FI|SWIMMING POOL|TELEVISION|COFFEE|AIR CONDITIONING|FITNESS FACILITY|WINE BAR', '1', '50', '', '1', '1'), ('17', '5', '7', '12', '1500000', 'An Elegance Suite room with a garden landscape with a beautiful panorama of penanggungan mountain', '17.jpg', 'WI_FI|SWIMMING POOL|TELEVISION|COFFEE|AIR CONDITIONING|FRIDGE|WINE BAR|ENTERTAINMENT|PICK AND DROP', '1', '50', '', '1', '1'), ('18', '6', '8', '13', '262810', '100 rooms and suites offering garden and tremendous mountain views. Major rooms have private balcony, single and double bed, private spa and whirlpool access, equipped with in room tea and coffee maker, mini-bar, bathtub and satellite TV channels Free-Wi fi All Roms.', '18.JPG', 'WI_FI|SWIMMING POOL|TELEVISION|COFFEE|AIR CONDITIONING', '1', '50', '', '1', '1'), ('19', '6', '8', '14', '510331', '100 rooms and suites offering garden and tremendous mountain views. Major rooms have private balcony, single and double bed, private spa and whirlpool access, equipped with in room tea and coffee maker, mini-bar, bathtub and satellite TV channels Free-Wi fi All Roms.', '19.JPG', 'WI_FI|SWIMMING POOL|TELEVISION|COFFEE|FITNESS FACILITY', '1', '50', '', '1', '1'), ('20', '6', '8', '15', '909091', '100 rooms and suites offering garden and tremendous mountain views. Major rooms have private balcony, single and double bed, private spa and whirlpool access, equipped with in room tea and coffee maker, mini-bar, bathtub and satellite TV channels Free-Wi fi All Roms.', '20.jpg', 'WI_FI|SWIMMING POOL|TELEVISION|SMOKING ALLOWED|SECURE VAULT|COMPLIMENTARY BREAKFAST|FREE PARKING|FIRE PLACE', '1', '50', '', '1', '1'), ('21', '6', '8', '16', '1200000', '100 rooms and suites offering garden and tremendous mountain views. Major rooms have private balcony, single and double bed, private spa and whirlpool access, equipped with in room tea and coffee maker, mini-bar, bathtub and satellite TV channels Free-Wi fi All Roms.', '21.jpg', 'WI_FI|TELEVISION|WINE BAR|SMOKING ALLOWED|ENTERTAINMENT|COMPLIMENTARY BREAKFAST|FREE PARKING|CONFERENCE ROOM', '1', '50', '', '1', '1');
COMMIT;

-- ----------------------------
--  Table structure for `bsi_roomtype`
-- ----------------------------
DROP TABLE IF EXISTS `bsi_roomtype`;
CREATE TABLE `bsi_roomtype` (
  `roomtype_id` int(10) NOT NULL AUTO_INCREMENT,
  `type_name` varchar(500) DEFAULT NULL,
  `hotel_id` int(11) NOT NULL,
  `description` text,
  PRIMARY KEY (`roomtype_id`)
) ENGINE=InnoDB AUTO_INCREMENT=11 DEFAULT CHARSET=utf8;

-- ----------------------------
--  Records of `bsi_roomtype`
-- ----------------------------
BEGIN;
INSERT INTO `bsi_roomtype` VALUES ('1', 'Villa', '1', 'Room type standard is here.'), ('2', 'Villa Pool View', '1', 'Type Deluxe room desc is here.'), ('3', 'Villa Garden View', '1', 'Room private type desc here.'), ('4', 'Room', '2', 'Luxury rooms for luxury families'), ('5', 'Room', '3', 'asd'), ('6', 'Room', '4', 'sfdg'), ('7', 'Room', '5', 'dfgsg'), ('8', 'Room', '6', 'ghjghj'), ('9', 'Room', '7', 'gfhdfg'), ('10', 'Room', '1', 'adsf');
COMMIT;

-- ----------------------------
--  Table structure for `countries`
-- ----------------------------
DROP TABLE IF EXISTS `countries`;
CREATE TABLE `countries` (
  `country_id` int(11) NOT NULL AUTO_INCREMENT,
  `country_name` varchar(200) CHARACTER SET utf8 NOT NULL,
  `status` tinyint(1) NOT NULL,
  PRIMARY KEY (`country_id`)
) ENGINE=InnoDB AUTO_INCREMENT=258 DEFAULT CHARSET=latin1;

-- ----------------------------
--  Records of `countries`
-- ----------------------------
BEGIN;
INSERT INTO `countries` VALUES ('1', 'Afghanistan', '1'), ('2', 'Akrotiri', '1'), ('3', 'Albania', '1'), ('4', 'Algeria', '1'), ('5', 'American Samoa', '1'), ('6', 'Andorra', '1'), ('7', 'Angola', '1'), ('8', 'Anguilla', '1'), ('9', 'Antarctica', '1'), ('10', 'Antigua and Barbuda', '1'), ('11', 'Argentina', '1'), ('12', 'Armenia', '1'), ('13', 'Aruba', '1'), ('14', 'Ashmore and Cartier Islands', '1'), ('15', 'Australia', '1'), ('16', 'Austria', '1'), ('17', 'Azerbaijan', '1'), ('18', 'Bahamas, The', '1'), ('19', 'Bahrain', '1'), ('20', 'Bangladesh', '1'), ('21', 'Barbados', '1'), ('22', 'Bassas da India', '1'), ('23', 'Belarus', '1'), ('24', 'Belgium', '1'), ('25', 'Belize', '1'), ('26', 'Benin', '1'), ('27', 'Bermuda', '1'), ('28', 'Bhutan', '1'), ('29', 'Bolivia', '1'), ('30', 'Bosnia and Herzegovina', '1'), ('31', 'Botswana', '1'), ('32', 'Bouvet Island', '1'), ('33', 'Brazil', '1'), ('34', 'British Indian Ocean Territory', '1'), ('35', 'British Virgin Islands', '1'), ('36', 'Brunei', '1'), ('37', 'Bulgaria', '1'), ('38', 'Burkina Faso', '1'), ('39', 'Burma', '1'), ('40', 'Burundi', '1'), ('41', 'Cambodia', '1'), ('42', 'Cameroon', '1'), ('43', 'Canada', '1'), ('44', 'Cape Verde', '1'), ('45', 'Cayman Islands', '1'), ('46', 'Central African Republic', '1'), ('47', 'Chad', '1'), ('48', 'Chile', '1'), ('49', 'China', '1'), ('50', 'Christmas Island', '1'), ('51', 'Clipperton Island', '1'), ('52', 'Cocos (Keeling) Islands', '1'), ('53', 'Colombia', '1'), ('54', 'Comoros', '1'), ('55', 'Congo, Democratic Republic of the', '1'), ('56', 'Congo, Republic of the', '1'), ('57', 'Cook Islands', '1'), ('58', 'Coral Sea Islands', '1'), ('59', 'Costa Rica', '1'), ('60', 'Cote d\'Ivoire', '1'), ('61', 'Croatia', '1'), ('62', 'Cuba', '1'), ('63', 'Cyprus', '1'), ('64', 'Czech Republic', '1'), ('65', 'Denmark', '1'), ('66', 'Dhekelia', '1'), ('67', 'Djibouti', '1'), ('68', 'Dominica', '1'), ('69', 'Dominican Republic', '1'), ('70', 'Ecuador', '1'), ('71', 'Egypt', '1'), ('72', 'El Salvador', '1'), ('73', 'Equatorial Guinea', '1'), ('74', 'Eritrea', '1'), ('75', 'Estonia', '1'), ('76', 'Ethiopia', '1'), ('77', 'Europa Island', '1'), ('78', 'Falkland Islands (Islas Malvinas)', '1'), ('79', 'Faroe Islands', '1'), ('80', 'Fiji', '1'), ('81', 'Finland', '1'), ('82', 'France', '1'), ('83', 'French Guiana', '1'), ('84', 'French Polynesia', '1'), ('85', 'French Southern and Antarctic Lands', '1'), ('86', 'Gabon', '1'), ('87', 'Gambia, The', '1'), ('88', 'Gaza Strip', '1'), ('89', 'Georgia', '1'), ('90', 'Germany', '1'), ('91', 'Ghana', '1'), ('92', 'Gibraltar', '1'), ('93', 'Glorioso Islands', '1'), ('94', 'Greece', '1'), ('95', 'Greenland', '1'), ('96', 'Grenada', '1'), ('97', 'Guadeloupe', '1'), ('98', 'Guam', '1'), ('99', 'Guatemala', '1'), ('100', 'Guernsey', '1'), ('101', 'Guinea', '1'), ('102', 'Guinea-Bissau', '1'), ('103', 'Guyana', '1'), ('104', 'Haiti', '1'), ('105', 'Heard Island and McDonald Islands', '1'), ('106', 'Holy See (Vatican City)', '1'), ('107', 'Honduras', '1'), ('108', 'Hong Kong', '1'), ('109', 'Hungary', '1'), ('110', 'Iceland', '1'), ('111', 'India', '1'), ('112', 'Indonesia', '1'), ('113', 'Iran', '1'), ('114', 'Iraq', '1'), ('115', 'Ireland', '1'), ('116', 'Isle of Man', '1'), ('117', 'Israel', '1'), ('118', 'Italy', '1'), ('119', 'Jamaica', '1'), ('120', 'Jan Mayen', '1'), ('121', 'Japan', '1'), ('122', 'Jersey', '1'), ('123', 'Jordan', '1'), ('124', 'Juan de Nova Island', '1'), ('125', 'Kazakhstan', '1'), ('126', 'Kenya', '1'), ('127', 'Kiribati', '1'), ('128', 'Korea, North', '1'), ('129', 'Korea, South', '1'), ('130', 'Kuwait', '1'), ('131', 'Kyrgyzstan', '1'), ('132', 'Laos', '1'), ('133', 'Latvia', '1'), ('134', 'Lebanon', '1'), ('135', 'Lesotho', '1'), ('136', 'Liberia', '1'), ('137', 'Libya', '1'), ('138', 'Liechtenstein', '1'), ('139', 'Lithuania', '1'), ('140', 'Luxembourg', '1'), ('141', 'Macau', '1'), ('142', 'Macedonia', '1'), ('143', 'Madagascar', '1'), ('144', 'Malawi', '1'), ('145', 'Malaysia', '1'), ('146', 'Maldives', '1'), ('147', 'Mali', '1'), ('148', 'Malta', '1'), ('149', 'Marshall Islands', '1'), ('150', 'Martinique', '1'), ('151', 'Mauritania', '1'), ('152', 'Mauritius', '1'), ('153', 'Mayotte', '1'), ('154', 'Mexico', '1'), ('155', 'Micronesia, Federated States of', '1'), ('156', 'Moldova', '1'), ('157', 'Monaco', '1'), ('158', 'Mongolia', '1'), ('159', 'Montserrat', '1'), ('160', 'Morocco', '1'), ('161', 'Mozambique', '1'), ('162', 'Namibia', '1'), ('163', 'Nauru', '1'), ('164', 'Navassa Island', '1'), ('165', 'Nepal', '1'), ('166', 'Netherlands', '1'), ('167', 'Netherlands Antilles', '1'), ('168', 'New Caledonia', '1'), ('169', 'New Zealand', '1'), ('170', 'Nicaragua', '1'), ('171', 'Niger', '1'), ('172', 'Nigeria', '1'), ('173', 'Niue', '1'), ('174', 'Norfolk Island', '1'), ('175', 'Northern Mariana Islands', '1'), ('176', 'Norway', '1'), ('177', 'Oman', '1'), ('178', 'Pakistan', '1'), ('179', 'Palau', '1'), ('180', 'Panama', '1'), ('181', 'Papua New Guinea', '1'), ('182', 'Paracel Islands', '1'), ('183', 'Paraguay', '1'), ('184', 'Peru', '1'), ('185', 'Philippines', '1'), ('186', 'Pitcairn Islands', '1'), ('187', 'Poland', '1'), ('188', 'Portugal', '1'), ('189', 'Puerto Rico', '1'), ('190', 'Qatar', '1'), ('191', 'Reunion', '1'), ('192', 'Romania', '1'), ('193', 'Russia', '1'), ('194', 'Rwanda', '1'), ('195', 'Saint Helena', '1'), ('196', 'Saint Kitts and Nevis', '1'), ('197', 'Saint Lucia', '1'), ('198', 'Saint Pierre and Miquelon', '1'), ('199', 'Saint Vincent and the Grenadines', '1'), ('200', 'Samoa', '1'), ('201', 'San Marino', '1'), ('202', 'Sao Tome and Principe', '1'), ('203', 'Saudi Arabia', '1'), ('204', 'Senegal', '1'), ('205', 'Serbia and Montenegro', '1'), ('206', 'Seychelles', '1'), ('207', 'Sierra Leone', '1'), ('208', 'Singapore', '1'), ('209', 'Slovakia', '1'), ('210', 'Slovenia', '1'), ('211', 'Solomon Islands', '1'), ('212', 'Somalia', '1'), ('213', 'South Africa', '1'), ('214', 'South Georgia and the South Sandwich Islands', '1'), ('215', 'Spain', '1'), ('216', 'Spratly Islands', '1'), ('217', 'Sri Lanka', '1'), ('218', 'Sudan', '1'), ('219', 'Suriname', '1'), ('220', 'Svalbard', '1'), ('221', 'Swaziland', '1'), ('222', 'Sweden', '1'), ('223', 'Switzerland', '1'), ('224', 'Syria', '1'), ('225', 'Taiwan', '1'), ('226', 'Tajikistan', '1'), ('227', 'Tanzania', '1'), ('228', 'Thailand', '1'), ('229', 'Timor-Leste', '1'), ('230', 'Togo', '1'), ('231', 'Tokelau', '1'), ('232', 'Tonga', '1'), ('233', 'Trinidad and Tobago', '1'), ('234', 'Tromelin Island', '1'), ('235', 'Tunisia', '1'), ('236', 'Turkey', '1'), ('237', 'Turkmenistan', '1'), ('238', 'Turks and Caicos Islands', '1'), ('239', 'Tuvalu', '1'), ('240', 'Uganda', '1'), ('241', 'Ukraine', '1'), ('242', 'United Arab Emirates', '1'), ('243', 'United Kingdom', '1'), ('244', 'United States', '1'), ('245', 'Uruguay', '1'), ('246', 'Uzbekistan', '1'), ('247', 'Vanuatu', '1'), ('248', 'Venezuela', '1'), ('249', 'Vietnam', '1'), ('250', 'Virgin Islands', '1'), ('251', 'Wake Island', '1'), ('252', 'Wallis and Futuna', '1'), ('253', 'West Bank', '1'), ('254', 'Western Sahara', '1'), ('255', 'Yemen', '1'), ('256', 'Zambia', '1'), ('257', 'Zimbabwe', '1');
COMMIT;

-- ----------------------------
--  Table structure for `hotel_packages`
-- ----------------------------
DROP TABLE IF EXISTS `hotel_packages`;
CREATE TABLE `hotel_packages` (
  `hotel_pkg_id` int(11) NOT NULL AUTO_INCREMENT,
  `hotel_pkg_name` varchar(512) NOT NULL,
  `hotel_pkg_price` int(11) NOT NULL,
  `hotel_pkg_room_limit` varchar(128) NOT NULL,
  `hotel_pkg_status` tinyint(1) NOT NULL,
  PRIMARY KEY (`hotel_pkg_id`)
) ENGINE=MyISAM AUTO_INCREMENT=8 DEFAULT CHARSET=latin1;

-- ----------------------------
--  Records of `hotel_packages`
-- ----------------------------
BEGIN;
INSERT INTO `hotel_packages` VALUES ('1', '1 ROOM', '0', '1', '1'), ('2', '2-10 ROOMS', '19', '10', '1'), ('3', '11-20 ROOMS', '29', '20', '1'), ('4', '21-50 ROOMS', '49', '50', '1'), ('5', '51-125 ROOMS', '59', '125', '1'), ('6', '126-250 ROOMS', '99', '250', '1'), ('7', '251+ ROOMS', '139', '1000', '1');
COMMIT;

-- ----------------------------
--  Table structure for `hotel_reviews`
-- ----------------------------
DROP TABLE IF EXISTS `hotel_reviews`;
CREATE TABLE `hotel_reviews` (
  `review_id` bigint(20) NOT NULL AUTO_INCREMENT,
  `user_id` int(11) NOT NULL,
  `review_rate_overall` varchar(100) NOT NULL,
  `review_rate_service` varchar(128) NOT NULL,
  `review_rate_sleep_quality` varchar(128) NOT NULL,
  `review_rate_location` varchar(128) NOT NULL,
  `review_rate_swimming_pool` varchar(128) NOT NULL,
  `review_rate_value` varchar(128) NOT NULL,
  `review_rate_cleanliness` varchar(128) NOT NULL,
  `review_rate_rooms` varchar(128) NOT NULL,
  `review_rate_fitness_facility` varchar(128) NOT NULL,
  `hotel_id` int(11) NOT NULL,
  `review_title` text NOT NULL,
  `review_detailed` text NOT NULL,
  `trip_with` varchar(64) NOT NULL,
  `travel_month` date NOT NULL,
  `tip_for_travellers` text NOT NULL,
  `review_pics` text NOT NULL,
  `status` tinyint(1) NOT NULL,
  `review_dated` datetime NOT NULL,
  UNIQUE KEY `review_id` (`review_id`)
) ENGINE=InnoDB AUTO_INCREMENT=3 DEFAULT CHARSET=latin1;

-- ----------------------------
--  Records of `hotel_reviews`
-- ----------------------------
BEGIN;
INSERT INTO `hotel_reviews` VALUES ('1', '1', '48', '40', '40', '40', '40', '60', '60', '60', '40', '1', 'Enjoyed a lot', 'Always enjoyed my stay with Hilton Hotel and Resorts, top class room service and rooms have great outside views and luxury assessories. Thanks for great experience.', '', '0000-00-00', 'Must visit Minar e Pakistan.', '', '1', '2014-11-15 20:28:48'), ('2', '1', '90', '80', '100', '100', '80', '80', '100', '100', '80', '1', 'Another my Review', 'Regarding this trip, I enjoyed a lot visiting such nice places. will reccommend to my friends.', '', '2014-07-01', '', '', '1', '2014-11-15 20:31:45');
COMMIT;

-- ----------------------------
--  Table structure for `managers`
-- ----------------------------
DROP TABLE IF EXISTS `managers`;
CREATE TABLE `managers` (
  `manager_id` int(11) NOT NULL AUTO_INCREMENT,
  `fname` varchar(132) COLLATE utf8_unicode_ci NOT NULL,
  `lname` varchar(132) COLLATE utf8_unicode_ci NOT NULL,
  `email` varchar(256) COLLATE utf8_unicode_ci NOT NULL,
  `username` varchar(32) COLLATE utf8_unicode_ci NOT NULL,
  `pass` varchar(64) COLLATE utf8_unicode_ci NOT NULL,
  `hotel_id` int(11) NOT NULL,
  `profile_pic` varchar(132) COLLATE utf8_unicode_ci NOT NULL,
  `dated` datetime NOT NULL,
  `status` tinyint(1) NOT NULL,
  PRIMARY KEY (`manager_id`)
) ENGINE=MyISAM AUTO_INCREMENT=8 DEFAULT CHARSET=utf8 COLLATE=utf8_unicode_ci;

-- ----------------------------
--  Records of `managers`
-- ----------------------------
BEGIN;
INSERT INTO `managers` VALUES ('2', 'Zaeem', 'Rizwan', 'zaeem@live.com', 'manager1', 'e10adc3949ba59abbe56e057f20f883e', '1', '', '2014-11-24 00:00:00', '1'), ('3', 'Abid', 'Ali', 'vuabid@hotmail.com', 'manager2', 'e10adc3949ba59abbe56e057f20f883e', '2', '', '2014-12-12 13:25:23', '1'), ('1', 'Zaeem', 'Admin', 'zaeemriz@live.com', 'admin', 'e10adc3949ba59abbe56e057f20f883e', '0', '', '2014-11-24 00:00:00', '1'), ('4', 'Abid', 'Ali', 'vuabid@hotmail.com', 'manager3', 'e10adc3949ba59abbe56e057f20f883e', '3', '', '2015-01-11 09:59:33', '1'), ('5', 'Abid', 'Ali', 'vuabid@hotmail.com', 'manager4', 'e10adc3949ba59abbe56e057f20f883e', '4', '', '2015-01-11 09:59:33', '1'), ('6', 'Chanif', 'Fanani', 'chanifuddin@live.com', 'manager5', 'e10adc3949ba59abbe56e057f20f883e', '5', '', '2015-11-11 08:19:21', '1'), ('7', 'Chanif', 'Fanani', 'admin@lazada.com', 'manager6', 'e10adc3949ba59abbe56e057f20f883e', '6', '', '2015-11-11 08:22:22', '1');
COMMIT;

-- ----------------------------
--  Table structure for `payment_history`
-- ----------------------------
DROP TABLE IF EXISTS `payment_history`;
CREATE TABLE `payment_history` (
  `payment_id` int(11) NOT NULL AUTO_INCREMENT,
  `manager_id` int(11) NOT NULL,
  `amount_deposited` int(11) NOT NULL,
  `amount_credited` int(11) NOT NULL,
  `payment_method` varchar(128) NOT NULL,
  `depositor_name` varchar(256) NOT NULL,
  `receiver_name` varchar(256) NOT NULL,
  `dated` datetime NOT NULL,
  `status` tinyint(1) NOT NULL COMMENT '1=verified;2=pending',
  PRIMARY KEY (`payment_id`)
) ENGINE=MyISAM DEFAULT CHARSET=latin1;

-- ----------------------------
--  Table structure for `promotions`
-- ----------------------------
DROP TABLE IF EXISTS `promotions`;
CREATE TABLE `promotions` (
  `promo_id` int(11) NOT NULL AUTO_INCREMENT,
  `hotel_id` int(11) NOT NULL,
  `discount` int(11) NOT NULL,
  `discount_type` tinyint(1) NOT NULL COMMENT '1=percentage;2=amount in USD',
  `coupon_code` varchar(32) COLLATE utf8_unicode_ci NOT NULL,
  `room_id` int(11) NOT NULL,
  `features` text CHARACTER SET utf8 NOT NULL,
  `start_date` datetime NOT NULL,
  `end_date` datetime NOT NULL,
  `status` tinyint(1) NOT NULL,
  PRIMARY KEY (`promo_id`)
) ENGINE=MyISAM AUTO_INCREMENT=4 DEFAULT CHARSET=utf8 COLLATE=utf8_unicode_ci;

-- ----------------------------
--  Records of `promotions`
-- ----------------------------
BEGIN;
INSERT INTO `promotions` VALUES ('1', '1', '10', '1', 'WelcomeOffer', '2', '', '2014-12-05 00:00:00', '2014-12-15 00:00:00', '1'), ('2', '1', '10', '1', 'aaa', '1', '', '1970-01-01 00:00:00', '1970-01-01 00:00:00', '-1'), ('3', '1', '50', '1', 'bbb', '1', '', '2015-11-11 00:00:00', '2016-11-11 00:00:00', '-1');
COMMIT;

-- ----------------------------
--  Table structure for `user_discount`
-- ----------------------------
DROP TABLE IF EXISTS `user_discount`;
CREATE TABLE `user_discount` (
  `discount_id` int(11) NOT NULL AUTO_INCREMENT,
  `user_id` int(11) NOT NULL,
  `hotel_id` int(11) NOT NULL,
  `room_id` int(11) NOT NULL,
  `discount` int(11) NOT NULL,
  PRIMARY KEY (`discount_id`)
) ENGINE=InnoDB AUTO_INCREMENT=10 DEFAULT CHARSET=latin1;

-- ----------------------------
--  Records of `user_discount`
-- ----------------------------
BEGIN;
INSERT INTO `user_discount` VALUES ('1', '1', '1', '7', '6'), ('2', '2', '1', '0', '2'), ('3', '2', '2', '0', '2'), ('4', '3', '1', '0', '5'), ('5', '4', '1', '0', '10'), ('6', '5', '1', '0', '10'), ('7', '6', '1', '0', '10'), ('8', '9', '1', '0', '1'), ('9', '0', '1', '0', '5');
COMMIT;

-- ----------------------------
--  Table structure for `users`
-- ----------------------------
DROP TABLE IF EXISTS `users`;
CREATE TABLE `users` (
  `user_id` int(11) NOT NULL AUTO_INCREMENT,
  `title` varchar(16) COLLATE utf8_unicode_ci NOT NULL,
  `first_name` varchar(64) COLLATE utf8_unicode_ci NOT NULL,
  `last_name` varchar(64) COLLATE utf8_unicode_ci NOT NULL,
  `email` varchar(256) COLLATE utf8_unicode_ci NOT NULL,
  `password` varchar(32) COLLATE utf8_unicode_ci NOT NULL,
  `profile_pic` varchar(256) COLLATE utf8_unicode_ci DEFAULT NULL,
  `about` text CHARACTER SET utf8,
  `street_address` varchar(512) COLLATE utf8_unicode_ci NOT NULL,
  `city` varchar(128) COLLATE utf8_unicode_ci NOT NULL,
  `zip` varchar(32) COLLATE utf8_unicode_ci DEFAULT NULL,
  `state` varchar(64) COLLATE utf8_unicode_ci NOT NULL,
  `country_id` int(11) NOT NULL,
  `phone` varchar(32) COLLATE utf8_unicode_ci NOT NULL,
  `fax` varchar(32) COLLATE utf8_unicode_ci DEFAULT NULL,
  `identity_type` varchar(64) COLLATE utf8_unicode_ci DEFAULT NULL,
  `identity_number` varchar(128) COLLATE utf8_unicode_ci DEFAULT NULL,
  `newsletters` tinyint(1) NOT NULL DEFAULT '1',
  `ip` varchar(32) COLLATE utf8_unicode_ci DEFAULT NULL,
  `status` tinyint(1) DEFAULT '1',
  `points` int(11) DEFAULT '0',
  `joined` datetime DEFAULT NULL,
  PRIMARY KEY (`user_id`)
) ENGINE=MyISAM AUTO_INCREMENT=970 DEFAULT CHARSET=utf8 COLLATE=utf8_unicode_ci;

-- ----------------------------
--  Records of `users`
-- ----------------------------
BEGIN;
INSERT INTO `users` VALUES ('1', 'Ms', 'Chanifuddin', 'Fanani', 'chanif@gbustudio.com', '12345', '1.png', '<p>I love travelling...</p>', 'Steet 5', 'Jhang', '35200', 'Punjab', '178', '45645645', '', '564546', '654645464564', '0', '119.154.53.200', '1', '8', '2014-11-18 10:40:46'), ('2', 'Mr', 'Zaeem', 'Rizwan', 'zaeem@webxperts.biz', '1234567890', '', '', 'P-750 khyserabad st no2', 'Fsd', '38000', 'Punjab', '178', '03457765804', '', 'passport', '45135456545', '0', '119.160.119.80', '1', '0', '2014-11-24 06:32:47'), ('3', 'Mr', 'asd', 'asdf', 'asd@gmail.com', '12345', '', '', 'sdfs', 'qwer', '12312', 'Jawa Timur', '112', 'adsa', 'asda', 'asd', 'asdasd', '0', '36.81.174.110', '1', '10', '2014-12-01 20:39:18'), ('4', 'Mr.', 'cacac', 'lalal', 'chanifuddin@gmail.com', 'aaa', '', '', 'lamoiadsgfa', 'lamongan', '', 'INONAEWR', '0', '4252354345', '', '', '', '0', '', '0', '6', '0000-00-00 00:00:00'), ('6', 'Miss', 'Lalala', 'Lilili', 'chanif@gbustudio.com', '1234', '', '', 'lalal', 'lalal', '', 'Indonesia', '0', '', '', '', '', '0', '', '0', '32', '0000-00-00 00:00:00'), ('9', 'Mr.', 'Chanif', '', 'chanif@webbag.us', '12345', '', '', '', '', '', '', '0', '085649577473', '', '', '21325245', '0', '::1', '1', '0', '2015-12-03 19:13:19'), ('10', '', 'Anita Widjaja', '', 'a.anitawidjaja@gmail.com', 'A301150200', '', '', 'Kutisari Indah Utara 5/34 Tenggilis, Surabaya', '', '', '', '0', '83830115544', '', '', '', '0', '', '0', '0', '0000-00-00 00:00:00'), ('11', '', 'Alfan Impriadi', '', 'a.impriadi@gmail.com', 'A301150023', '', '', 'Taman RT01/01 Grujungan, Bondowoso', '', '', '', '0', '85230300222', '', '', '', '0', '', '0', '0', '0000-00-00 00:00:00'), ('12', '', 'Prischa Ayu Anugrahwati', '', 'a.prischa@yahoo.co.id', 'A101150297', '', '', 'Bendul Merisi 2/10 Wonocolo, Surabaya', '', '', '', '0', '8563276765', '', '', '', '0', '', '0', '0', '0000-00-00 00:00:00'), ('13', '', 'Abdul Azis,Ir', '', 'a21ta_sby@yahoo.com', 'A101150049', '', '', 'YKP Padungo Blok PK 12 RT 02/08 Penjaringan Sari, Rungkut, Surabaya', '', '', '', '0', '812309833', '', '', '', '0', '', '0', '0', '0000-00-00 00:00:00'), ('14', '', 'Nahtim M.', '', 'aa_pamungkasi@yahoo.com', 'A201150139', '', '', 'BL Banteng 2 Perintis UTM I RT01/07 Surabaya', '', '', '', '0', '816517751', '', '', '', '0', '', '0', '0', '0000-00-00 00:00:00'), ('15', '', 'Andre Kadir', '', 'aan.kadir@gmail.com', 'A101150045', '', '', 'Asrama Polri Palmerah No.16 Palmerah, Jakarta Barat', '', '', '', '0', '81180837', '', '', '', '0', '', '0', '0', '0000-00-00 00:00:00'), ('16', '', 'Astrid Antidini S', '', 'abanhayfa@gmail.com', 'A201150119', '', '', 'Puri Cempaka Putih II blok AR 5 Kedungkandang, Malang', '', '', '', '0', '0341 751387', '', '', '', '0', '', '0', '0', '0000-00-00 00:00:00'), ('17', '', 'Arthur Bernadus', '', 'abernadus13@gmail.com', 'A501150020', '', '', 'Griya Arga Permai KK-6, Kwarasan, Gamping Yogyakarta 55292', '', '', '', '0', '0274 632396', '', '', '', '0', '', '0', '0', '0000-00-00 00:00:00'), ('18', '', 'A. Baskoro Aditriatmo', '', 'abhe.poenyagawe@gmail.com', 'A501150024', '', '', 'Jl. A.Yani KM.36 Hotel RODITHA BANJAR BARU, Kalimantan Selatan', '', '', '', '0', '5386782858', '', '', '', '0', '', '0', '0', '0000-00-00 00:00:00'), ('19', '', 'Angela Christie Onggowardojo', '', 'acecuphacupz@yahoo.com', 'A301150148', '', '', 'Raya Darmo Permai RT 04/03 Dukuh Pakis, Surabaya', '', '', '', '0', '81938567555', '', '', '', '0', '', '0', '0', '0000-00-00 00:00:00'), ('20', '', 'Drs. H. Achmad Darussalam. MM', '', 'achmaddarussalam@yahoo.co.id', 'A101150250', '', '', 'Jl Slamet III No. 3 PPI RT 01/03 Pepelegi, Waru, Sidoarjo', '', '', '', '0', '811304117', '', '', '', '0', '', '0', '0', '0000-00-00 00:00:00'), ('21', '', 'M. Shahrul Adhim', '', 'adhem_21@yahoo.com', 'A301150097', '', '', 'Surya Residence blok 4E-28 Damarsi, Buduran, Sidoarjo', '', '', '', '0', '81330439648', '', '', '', '0', '', '0', '0', '0000-00-00 00:00:00'), ('22', '', 'Adhitya Rahman', '', 'adhit.sik@gmail.com', 'A301150195', '', '', 'Perum Bumi Papan Selaras blok DD/8 Dusun Tanggul Wetan, Wonoayu, Sidoarjo', '', '', '', '0', '8164297228', '', '', '', '0', '', '0', '0', '0000-00-00 00:00:00'), ('23', '', 'Firdaus Adi Mahardika', '', 'adi.firdaus@rocketmail.com', 'A101150056', '', '', 'DR. Wahidin SH Gg. 28/50 Kebomas, Gresik', '', '', '', '0', '85735496777', '', '', '', '0', '', '0', '0', '0000-00-00 00:00:00'), ('24', '', 'Atik Mulyoseputro', '', 'adimpunaeme@yahoo.com', 'A401150082', '', '', 'Sumorame, RT01/07 Candi, Sidoarjo', '', '', '', '0', '82141316677', '', '', '', '0', '', '0', '0', '0000-00-00 00:00:00'), ('25', '', 'Adriel Lucas Darwali', '', 'adriel.lucas.d88@gmail.com', 'A201150066', '', '', 'Jambu V/E-105, Pondok Candra Indah, Sidoarjo', '', '', '', '0', '82160688869', '', '', '', '0', '', '0', '3', '0000-00-00 00:00:00'), ('26', '', 'Tunggul Adya Dewangga', '', 'adyadewangga@yahoo.co.id', 'A401150041', '', '', 'Simorukun 7/24 Simomulyo, Sukomanunggal, Surabaya', '', '', '', '0', '81231331399', '', '', '', '0', '', '0', '0', '0000-00-00 00:00:00'), ('27', '', 'Joko Sutrisno', '', 'afjokosutrisno012@gmail.com', 'A101150084', '', '', 'Baliase, Luwu Utara, Sampit', '', '', '', '0', '82291941212', '', '', '', '0', '', '0', '0', '0000-00-00 00:00:00'), ('28', '', 'Agus Purnomo', '', 'agmon38@yahoo.com', 'A201150188', '', '', 'Ngangel Jaya Barat 10 RT01/06 Pucang Sewu, Gubeng, Surabaya', '', '', '', '0', '83849123999', '', '', '', '0', '', '0', '0', '0000-00-00 00:00:00'), ('29', '', 'Agnes Ririn Setiowati', '', 'agnesririn@gmail.com', 'A401150015', '', '', 'Perum Tirta Asri B 18 Karang Anyar', '', '', '', '0', '818040127', '', '', '', '0', '', '0', '0', '0000-00-00 00:00:00'), ('30', '', 'Agung Widyanjaya', '', 'agung.yunindra@yahoo.com', 'A201150141', '', '', 'Perumahan Purimas blok G6 no.27 Gununganyar, Surabaya', '', '', '', '0', '811345982', '', '', '', '0', '', '0', '0', '0000-00-00 00:00:00'), ('31', '', 'Agus', '', 'agus.suhariono@gmail.com', 'A201150151', '', '', 'Griya Kebonagung CI-22 Sukodono, Sidoarjo', '', '', '', '0', '8,21413E+11', '', '', '', '0', '', '0', '0', '0000-00-00 00:00:00'), ('32', '', 'Agus Abdulloh Ma\'Mun', '', 'aguscsm@gmail.com', 'A301150183', '', '', 'Perum Griya Kebon Agung RT13/06 Sukodono, Sidoarjo', '', '', '', '0', '8113102266', '', '', '', '0', '', '0', '0', '0000-00-00 00:00:00'), ('33', '', 'Agus Harianto', '', 'agusryan75@yahoo.co.id', 'A301150031', '', '', 'Mulyosari Utara 41 Kalisari, Mulyorejo, Surabaya', '', '', '', '0', '81249941188', '', '', '', '0', '', '0', '0', '0000-00-00 00:00:00'), ('34', '', 'Agustina Rosita Dewi', '', 'agustina.rositadewi@gmail.com', 'A101150262', '', '', 'Sutorejo Timur XI /17 Surabaya', '', '', '', '0', '81938266888', '', '', '', '0', '', '0', '0', '0000-00-00 00:00:00'), ('35', '', 'Ahdian Rizal', '', 'ahdian.rizal@gmail.com', 'A501150025', '', '', 'Jl. Palapa blok E-10/15 Kalideres, Jakarta Barat', '', '', '', '0', '8111203883', '', '', '', '0', '', '0', '0', '0000-00-00 00:00:00'), ('36', '', 'Ahmad Rofiq', '', 'ahmad.rofiq@gamil.com', 'A301150100', '', '', 'Ngimbang RT01/01 Lamongan', '', '', '', '0', '', '', '', '', '0', '', '0', '0', '0000-00-00 00:00:00'), ('37', '', 'Ahmad Yusuf', '', 'ahmad.yusuf88@yahoo.com', 'A501150026', '', '', 'Kemejing II RT 33/09 Semin, Gunung Kidul, Yogyakarta', '', '', '', '0', '8112952663', '', '', '', '0', '', '0', '0', '0000-00-00 00:00:00'), ('38', '', 'Evy Setyaningrum', '', 'ahmad@gmail.com', 'A101150030', '', '', 'Jl. Kutilang IV TB 01 GKA RT06/09 Suci, Manyar, Gresik', '', '', '', '0', '81259623244', '', '', '', '0', '', '0', '0', '0000-00-00 00:00:00'), ('39', '', 'Wachidah Umaiyah', '', 'aida-dcim@yahoo.com', 'A301150218', '', '', 'Bangsri RT01/01 Sidoarjo', '', '', '', '0', '81217718333', '', '', '', '0', '', '0', '0', '0000-00-00 00:00:00'), ('40', '', 'Nurainy Priyatno', '', 'ainiprasetio@gmail.com', 'A101150379', '', '', 'Jl. Pahlawan Revolusi no.74 Jakarta Timur 13430', '', '', '', '0', '81311191901', '', '', '', '0', '', '0', '0', '0000-00-00 00:00:00'), ('41', '', 'Albert Tedja Atmadja', '', 'albert_tedja@yahoo.com', 'A301150150', '', '', 'Gayungsari II/64 Surabaya', '', '', '', '0', '81233445513', '', '', '', '0', '', '0', '0', '0000-00-00 00:00:00'), ('42', '', 'Albert Gondo Hudaya', '', 'albertgondo84@gmail.com', 'A401150050', '', '', 'Jl. Darmo Harapan 3/E6-14 Sukomanunggal, Surabaya', '', '', '', '0', '8123048383', '', '', '', '0', '', '0', '0', '0000-00-00 00:00:00'), ('43', '', 'Aldyan Lesmana Yudha', '', 'aldyantaira@gmail.com', 'A201150207', '', '', 'Perum Taman Cemara Blok A.22 Maguwoharjo, Depok, Sleman', '', '', '', '0', '81927515191', '', '', '', '0', '', '0', '0', '0000-00-00 00:00:00'), ('44', '', 'Karen Alexandria', '', 'alexandria1406@yahoo.co.uk', 'A101150194', '', '', 'Jl Salak no.14 Setia budi, Jakarta Selatan', '', '', '', '0', '811824252', '', '', '', '0', '', '0', '0', '0000-00-00 00:00:00'), ('45', '', 'Alfius Indrawan H', '', 'alfius.indrawanh@yahoo.com', 'A501150027', '', '', 'Sutera Kirana I/40 Alam Sutera Pondok Jagung, Serpong Utara, Tangerang', '', '', '', '0', '818867210', '', '', '', '0', '', '0', '0', '0000-00-00 00:00:00'), ('46', '', 'Rudy', '', 'aliminrudy@gmail.com', 'A201150020', '', '', 'Karang Empat 10/19 Tambaksari, Surabaya', '', '', '', '0', '031 70472990', '', '', '', '0', '', '0', '0', '0000-00-00 00:00:00'), ('47', '', 'Ali Susanto', '', 'alisusanto88@gmail.com', 'A201150227', '', '', 'Jl. Letjen S.Parman 88 Tosaren, Pesantren, Kediri', '', '', '', '0', '8123428403', '', '', '', '0', '', '0', '0', '0000-00-00 00:00:00'), ('48', '', 'Allentino', '', 'allen.tino06@yahoo.com', 'A301150049', '', '', 'Jl. Menur 3/65 Menur Pumpungan, Sukolilo, Surabaya', '', '', '', '0', '81231502050', '', '', '', '0', '', '0', '0', '0000-00-00 00:00:00'), ('49', '', 'Anastasia Poniyem', '', 'alloyanast@yahoo.com', 'A101150021', '', '', 'Kalongan Kidul 02/01 RT 02/06 Krembangan, Surabaya', '', '', '', '0', '818313079', '', '', '', '0', '', '0', '0', '0000-00-00 00:00:00'), ('50', '', 'Santoso', '', 'alsa_travel@yahoo.co.id', 'A101150285', '', '', 'Pondok Asri D I Jl. KH Moch Kholil V Bangkalan', '', '', '', '0', '85259075651', '', '', '', '0', '', '0', '0', '0000-00-00 00:00:00'), ('51', '', 'Alvinsyah', '', 'alvinsyah2004@yahoo.com', 'A101150063', '', '', 'Komp. Deppen RRI RT1/13 Cisalak Sukmajaya, Depok', '', '', '', '0', '816735909', '', '', '', '0', '', '0', '0', '0000-00-00 00:00:00'), ('52', '', 'Alvira Damayanti', '', 'alviradmyt@gmail.com', 'A101150220', '', '', 'Jl Raya Rungkut Barata No.6 Gunung Anyar, Surabaya', '', '', '', '0', '81336323252', '', '', '', '0', '', '0', '0', '0000-00-00 00:00:00'), ('53', '', 'Ambar Susilowati', '', 'ambariwanudin81@gmail.com', 'A301150207', '', '', 'PSJ. Taman Vancoever J10-17 Punggul, Gedangan, Sidoarjo', '', '', '', '0', '81234088417', '', '', '', '0', '', '0', '0', '0000-00-00 00:00:00'), ('54', '', 'Amelia Tandjung, DRG', '', 'amelia_tjandra@yahoo.co.id', 'A301150057', '', '', 'Klampis Semolo Barat 2/14 blok P-7 Semolowaru, Sukolilo, Surabaya', '', '', '', '0', '', '', '', '', '0', '', '0', '0', '0000-00-00 00:00:00'), ('55', '', 'Budi Haryono', '', 'anang.pribadi@adira.co.id', 'A301150018', '', '', 'Green Paark Regency Q9 Sekardangan, Sidoarjo', '', '', '', '0', '', '', '', '', '0', '', '0', '0', '0000-00-00 00:00:00'), ('56', '', 'Anang Fitrianto', '', 'anangfitrianto@gmail.com', 'A101150142', '', '', 'Griya Permata gedangan E1-17 Gedangan, Sidoarjo', '', '', '', '0', '85732216877', '', '', '', '0', '', '0', '0', '0000-00-00 00:00:00'), ('57', '', 'Muhammad Nasihudin', '', 'anasihudina@gmail.com', 'A101150103', '', '', 'Jl. Veteran 106B Sananwetan, Blitar', '', '', '', '0', '8123474064', '', '', '', '0', '', '0', '0', '0000-00-00 00:00:00'), ('58', '', 'Nur Fika Roobiati', '', 'anazrifai37@gmail.com', 'A101150089', '', '', 'Karangjoho RT19/07 Andong, Boyolali', '', '', '', '0', '81332898830', '', '', '', '0', '', '0', '0', '0000-00-00 00:00:00'), ('59', '', 'Aditya Nugraha', '', 'andarnusa@gmail.com', 'A101150228', '', '', 'Tenggilis Mejoyo Selatan II/25 RT01/02 Surabaya', '', '', '', '0', '', '', '', '', '0', '', '0', '0', '0000-00-00 00:00:00'), ('60', '', 'Andi Setiawan', '', 'andi180972@yahoo.com', 'A101150115', '', '', 'Perum Tegal Besar Permai I AM/4 Lingk. Krajan Barat Kaliwates, Jember', '', '', '', '0', '82175202282', '', '', '', '0', '', '0', '0', '0000-00-00 00:00:00'), ('61', '', 'Andi Fatchul Karim', '', 'andi281625@gmail.com', 'A201150228', '', '', 'Griya Kencana Asri J-5 Wonorejo Selatan, Rungkut, Surabaya', '', '', '', '0', '81233778861', '', '', '', '0', '', '0', '0', '0000-00-00 00:00:00'), ('62', '', 'Andi Kristanto', '', 'andikristanto36@yahoo.co.id', 'A101150377', '', '', 'Perum Bukit Permai Cluster DA-4B Kebonsari, Sumbersari, Jember', '', '', '', '0', '82142609380', '', '', '', '0', '', '0', '0', '0000-00-00 00:00:00'), ('63', '', 'Andio', '', 'andio.ramadani@yahoo.com', 'A101150195', '', '', 'Jl. Cucakrawa 62 RT 09/04 Bukit Duri Jakarta', '', '', '', '0', '81284299784', '', '', '', '0', '', '0', '0', '0000-00-00 00:00:00'), ('64', '', 'Diliana Indriasari', '', 'andira_yogya@yahoo.com', 'A101150101', '', '', 'Jl Banteng Raya no. 12 Ngaglik, Yogyakarta', '', '', '', '0', '811268712', '', '', '', '0', '', '0', '0', '0000-00-00 00:00:00'), ('65', '', 'Andi Rahmansyah', '', 'andirahmansyah87@yahoo.co.id', 'A201150047', '', '', 'Sumbertumpuk RT01/07 Gn. Janggir, Beji, Pasuruan', '', '', '', '0', '', '', '', '', '0', '', '0', '0', '0000-00-00 00:00:00'), ('66', '', 'Andi Muhammad Zaqky', '', 'andizacky@yahoo.com', 'A201150229', '', '', 'Puri Surya Jaya Cluster Nagoya E3.17 Sidoarjo', '', '', '', '0', '81805999314', '', '', '', '0', '', '0', '0', '0000-00-00 00:00:00'), ('67', '', 'Hery Santosa', '', 'andreas@ipmbiz.com', 'A301150064', '', '', 'Raya Dukuh Kupang 48 Surabaya', '', '', '', '0', '818788807', '', '', '', '0', '', '0', '0', '0000-00-00 00:00:00'), ('68', '', 'Andreas Irawan', '', 'andreas@ipmbiz.com', 'A301150072', '', '', 'Woodland WL 9/16 Citraland, Made, Sambikerep, Surabaya', '', '', '', '0', '818788807', '', '', '', '0', '', '0', '0', '0000-00-00 00:00:00'), ('69', '', 'Andre Susanto', '', 'andresusanto@hotmail.com', 'A101150161', '', '', 'Jl. Pangeran Diponegoro Jambi', '', '', '', '0', '81366319999', '', '', '', '0', '', '0', '0', '0000-00-00 00:00:00'), ('70', '', 'Andri Aprilianzah, S.Kom', '', 'andri.indigo@gmail.com', 'A101150267', '', '', 'Dukuh Pakis 5 bunga/2 Surabaya', '', '', '', '0', '82140854629', '', '', '', '0', '', '0', '0', '0000-00-00 00:00:00'), ('71', '', 'Andru Bramantya', '', 'andru.brahmantya@gmail.com', 'A101150327', '', '', 'Jagalan Beji  PA I/500 Pakualaman, Yogyakarta', '', '', '', '0', '81391444003', '', '', '', '0', '', '0', '0', '0000-00-00 00:00:00'), ('72', '', 'Andy Subroto', '', 'andy_subro@yahoo.com', 'A101150067', '', '', 'Jl. Basuki Rahmad 25 Kediri', '', '', '', '0', '81335558396', '', '', '', '0', '', '0', '0', '0000-00-00 00:00:00'), ('73', '', 'Andy Azmin ', '', 'andyazmin@yahoo.com', 'A101150269', '', '', 'Jl. Gn Sahari XII/35 Sawah Besar, Jakarta Pusat', '', '', '', '0', '818726172', '', '', '', '0', '', '0', '0', '0000-00-00 00:00:00'), ('74', '', 'Andy Kurniawan', '', 'andyma.jibun@gmail.com', 'A101150364', '', '', 'Jl. Brigjend Katamso no.47 Purwokerto Timur', '', '', '', '0', '81327268668', '', '', '', '0', '', '0', '0', '0000-00-00 00:00:00'), ('75', '', 'Angga Nugraha Dahana', '', 'angganugrahadahana@yahoo.co.id', 'A501150018', '', '', 'Grand Wisata Bekasi RT02/07 Lambangsari, Tambun, Bekasi', '', '', '', '0', '89663940517', '', '', '', '0', '', '0', '0', '0000-00-00 00:00:00'), ('76', '', 'Ani Lusiawati', '', 'ani.lusia@yahoo.com', 'A201150081', '', '', 'Dukuh Menanggal 124-126 Surabaya', '', '', '', '0', '85232210012', '', '', '', '0', '', '0', '0', '0000-00-00 00:00:00'), ('77', '', 'Any Irma Hariroh', '', 'anickirma@yahoo.com', 'A201150012', '', '', 'Jl. Parkit AA-18 Kebomas, Gresik', '', '', '', '0', '031 3958774', '', '', '', '0', '', '0', '0', '0000-00-00 00:00:00'), ('78', '', 'Sutiyah', '', 'anis28@gmail.com', 'A201150028', '', '', 'Jl. P.Sudirman VII 85D Kepatihan, TulungAgung', '', '', '', '0', '83992072', '', '', '', '0', '', '0', '0', '0000-00-00 00:00:00'), ('79', '', 'Hsieh Wanli', '', 'anischur@gmail.com', 'A201150003', '', '', 'Perum Graha Majapahit Regency Jl. Dewi Banowati no.51 Mojoanyar, Mojokerto', '', '', '', '0', '8563255817', '', '', '', '0', '', '0', '0', '0000-00-00 00:00:00'), ('80', '', 'Anis Saudia', '', 'anissaudiyah@gmail.com', 'A201150040', '', '', 'Dusun Jetak RT05/09 Karangjati, Pandaan', '', '', '', '0', '81271918490', '', '', '', '0', '', '0', '0', '0000-00-00 00:00:00'), ('81', '', 'Sri Anita Siamba', '', 'anitasiamba@yahoo.com', 'A501150005', '', '', 'Jl. Rawa Kepa I no 610 Tomang, Jakarta', '', '', '', '0', '81332069430', '', '', '', '0', '', '0', '0', '0000-00-00 00:00:00'), ('82', '', 'Moch. Anshori, SH, MM', '', 'ansori_diskanla@yahoo.co.id', 'A101150191', '', '', 'Kendangsari Gg 4/90 Tenggilis Mejoyo, Surabaya', '', '', '', '0', '82140087324', '', '', '', '0', '', '0', '0', '0000-00-00 00:00:00'), ('83', '', 'Anton Sumartono', '', 'anton.martono53@yahoo.co.id', 'A201150071', '', '', 'Rungkut Asri Tengah 18/16 Rungkut Kidul, Surabaya', '', '', '', '0', '85200881100', '', '', '', '0', '', '0', '9', '0000-00-00 00:00:00'), ('84', '', 'Edi Setijawan Sigit Suhadi', '', 'antonb2@gmail.com', 'A101150130', '', '', 'Baratajaya 18/95 Gubeng, Surabaya', '', '', '', '0', '85730019000', '', '', '', '0', '', '0', '0', '0000-00-00 00:00:00'), ('85', '', 'Mery Ruliayanto', '', 'antonruly@ymail.com', 'A101150017', '', '', 'Taman Citra IX 48 Lakarsantri, Surabaya', '', '', '', '0', '81335749746', '', '', '', '0', '', '0', '0', '0000-00-00 00:00:00'), ('86', '', 'Wang Ong Tjang', '', 'anugerahtehnikcv@gmail.com', 'A101150117', '', '', 'Kepatihan 9/20 Surabaya', '', '', '', '0', '8113435563', '', '', '', '0', '', '0', '6', '0000-00-00 00:00:00'), ('87', '', 'Lilis Setyowati, S.Si, APT', '', 'apotiklilis@yahoo.com', 'A201150008a', '', '', 'Jl. Gatot Subroto 24 Sidoarjo', '', '', '', '0', '031 8964709', '', '', '', '0', '', '0', '0', '0000-00-00 00:00:00'), ('88', '', 'Rini Sri Handayani', '', 'apriadi_ryan01@yahoo.com', 'A101150241', '', '', 'Komp. Cibolerang blok G-87 Margahayu Utara, Babakan Ciparay, Bandung', '', '', '', '0', '87722663409', '', '', '', '0', '', '0', '0', '0000-00-00 00:00:00'), ('89', '', 'Ardian Indra Agustomo', '', 'ardian_indra09@yahoo.co.id', 'A401150081', '', '', 'Perum Bluru Permai FK-01 Bluru Kidul, Sidoarjo', '', '', '', '0', '85770476076', '', '', '', '0', '', '0', '0', '0000-00-00 00:00:00'), ('90', '', 'Siti Munikah', '', 'ardian_indra09@yahoo.co.id', 'A401150101', '', '', 'Perum Bluru Permai FK-01 Bluru Kidul, Sidoarjo.', '', '', '', '0', '85770476076', '', '', '', '0', '', '0', '0', '0000-00-00 00:00:00'), ('91', '', 'Kadek Ardiani Kurniawati', '', 'ardiani.kurniawati@gmail.com', 'A101150373', '', '', 'Jl. Kartini Gg IV A/6 Wangaya Kelod, Denpasar Utara', '', '', '', '0', '87761080777', '', '', '', '0', '', '0', '0', '0000-00-00 00:00:00'), ('92', '', 'Christopher Alsen', '', 'arekdoho@gmail.com', 'A201150114', '', '', 'Darmo Indah Timur V/ blok L-5 Tandes, Surabaya', '', '', '', '0', '85748755086', '', '', '', '0', '', '0', '0', '0000-00-00 00:00:00'), ('93', '', 'Arief Nurrachman', '', 'arief.nurrahman@gmail.com', 'A101150271', '', '', 'Delta Aster No.56 Delta Wedoro Indah Waru, Sidoarjo', '', '', '', '0', '8113633623', '', '', '', '0', '', '0', '0', '0000-00-00 00:00:00'), ('94', '', 'Arif Mansuri Cahyono', '', 'arif.mansuri@siemens.com', 'A101150016', '', '', 'Bukit Asri Ciomas Blok C 9 No 04 RT 02/13 Ciomas,, Bogor ', '', '', '', '0', '811371665', '', '', '', '0', '', '0', '0', '0000-00-00 00:00:00'), ('95', '', 'Arif Wirahadi Praja', '', 'arif.wp@gmail.com', 'A201150096', '', '', 'Jl. Dr Wahidin no.134 sekardangan, Sidoarjo', '', '', '', '0', '81357799148', '', '', '', '0', '', '0', '0', '0000-00-00 00:00:00'), ('96', '', 'Arif Fiyanto', '', 'arifcellcius@gmail.com', 'A301150015', '', '', 'Kemlaten 8/27 Kebraon, Karang Pilang, Surabaya', '', '', '', '0', '031 72125027', '', '', '', '0', '', '0', '0', '0000-00-00 00:00:00'), ('97', '', 'Arifin Yoshodharmo', '', 'arifin.yoshodharmo@yahoo.com', 'A501150013', '', '', 'Jl. Aren no.29 Palmerah, Jakarta Barat', '', '', '', '0', '8567809848', '', '', '', '0', '', '0', '0', '0000-00-00 00:00:00'), ('98', '', 'Adi Rimbawanto', '', 'arimba@yahoo.com', 'A401150107', '', '', 'Jl Sei Landak Timur 66 Kel. Saigon Pontianak 78232', '', '', '', '0', '81378702623', '', '', '', '0', '', '0', '0', '0000-00-00 00:00:00'), ('99', '', 'Arini Diah Kusumawati', '', 'arinidiahkusuma@gmail.com', 'A101150013', '', '', 'Jl. Jagalan 8-A/4, Surabaya', '', '', '', '0', '81330120172', '', '', '', '0', '', '0', '0', '0000-00-00 00:00:00'), ('100', '', 'Aripeni, SE', '', 'aripeni_1@yahoo.com', 'A201150200', '', '', 'Pondok Jati E.9 RT13/04 Sidoarjo', '', '', '', '0', '8155066774', '', '', '', '0', '', '0', '0', '0000-00-00 00:00:00'), ('101', '', 'Arie Wijanarko', '', 'arivariant@gmail.com', 'A401150019', '', '', 'Dsn. Tlogo RT01/01 Sidokerto, Buduran, Sidoarjo', '', '', '', '0', '', '', '', '', '0', '', '0', '0', '0000-00-00 00:00:00'), ('102', '', 'A. Wahab, A.Md.LLAJ, ST.', '', 'arkana21@yahoo.co.id', 'A401150080', '', '', 'Jl. KH. Moch. Kholil III/14 Bangkalan', '', '', '', '0', '81234516462', '', '', '', '0', '', '0', '0', '0000-00-00 00:00:00'), ('103', '', 'Sri Marlina ', '', 'arlin.anil@yahoo.com', 'A501150011', '', '', 'Jl. Masjid Nurul Iman I no.20A, Duri Kosambi Cengkareng, Jakarta Barat', '', '', '', '0', '81315816991', '', '', '', '0', '', '0', '4', '0000-00-00 00:00:00'), ('104', '', 'Hery Wahyudi', '', 'arya.damarputra@gmail.com', 'A101150270', '', '', 'Tulangan RT02/03 Sidoarjo', '', '', '', '0', '81216106577', '', '', '', '0', '', '0', '0', '0000-00-00 00:00:00'), ('105', '', 'Aryana Wahyu Subagya, ST', '', 'aryanasubagya@gmail.com', 'A101150291', '', '', 'Sono Indah Utara 4/19 Buduran, Sidoarjo', '', '', '', '0', '8123163321', '', '', '', '0', '', '0', '0', '0000-00-00 00:00:00'), ('106', '', 'Suhero Kusuma', '', 'asean.cafee@gmail.com', 'A201150212', '', '', 'Perum Premiere Pavilion Blok G/I RT04/01 Pegadungan, Kalideres, Jakarta Barat', '', '', '', '0', '82111363636', '', '', '', '0', '', '0', '0', '0000-00-00 00:00:00'), ('107', '', 'Astetika', '', 'astetik.tika@gmail.com', 'A101150275', '', '', 'Jl. Pahlawan No. 01 Samarinda Ulu,Samarinda', '', '', '', '0', '81284877773', '', '', '', '0', '', '0', '0', '0000-00-00 00:00:00'), ('108', '', 'A. Sri Putranti', '', 'atiek@siloamhospitals.com', 'A401150067', '', '', 'Menganti Palem Pertiwi Blok M no 29 Menganti, Gresik', '', '', '', '0', '8121703530', '', '', '', '0', '', '0', '0', '0000-00-00 00:00:00'), ('109', '', 'Atiek Purwati', '', 'atikpurwati09@gmail.com', 'A401150108', '', '', 'Jl. Kakap E.107 RT03/14 Sooko, Mojokerto', '', '', '', '0', '82231252919', '', '', '', '0', '', '0', '0', '0000-00-00 00:00:00'), ('110', '', 'Atmu Edi', '', 'atmugdy37.ag@gmail.com', 'A101150072', '', '', 'Rkt Asri Utr II/25 Rungkut Surabaya', '', '', '', '0', '81332917337', '', '', '', '0', '', '0', '0', '0000-00-00 00:00:00'), ('111', '', 'Audityani Citra Andina', '', 'audityani.citra@gmail.com', 'A101150294', '', '', 'Jl. Pattimura No. 135 Jagalan, Kediri', '', '', '', '0', '81803188402', '', '', '', '0', '', '0', '0', '0000-00-00 00:00:00'), ('112', '', 'Audrey Felicia R.', '', 'audrey_felicia@yahoo.com', 'A401150083', '', '', 'Jl. Nanas V/488 PCI RT03/06 Tambak Rejo, Waru, Sidoarjo', '', '', '', '0', '8179313121', '', '', '', '0', '', '0', '0', '0000-00-00 00:00:00'), ('113', '', 'Audy Surya Winata', '', 'audy_sw_1989@yahoo.com', 'A201150019', '', '', 'Jl. Belimbing X/ CA-114 Pondok Candra Indah Waru, Surabaya', '', '', '', '0', '031 8663261', '', '', '', '0', '', '0', '0', '0000-00-00 00:00:00'), ('114', '', 'Augustinus Leonard M', '', 'augustinus.leonard@gmail.com', 'A301150048', '', '', 'Jl. Palma Clasica H.10 no.19 Babat Jerawat, Pakal, Surabaya', '', '', '', '0', '8123297068', '', '', '', '0', '', '0', '0', '0000-00-00 00:00:00'), ('115', '', 'Sharita Aulia Rochmi', '', 'aulia.sharita@gmail.com', 'A201150122', '', '', 'Perum Candi Indah D-24 Jombang', '', '', '', '0', '85732469292', '', '', '', '0', '', '0', '0', '0000-00-00 00:00:00'), ('116', '', 'Santo Mudha Pratomo, DR', '', 'auliaputri.dr@gmail.com', 'A101150331', '', '', 'Wisma Permai Barat 3/NN-88 Mulyorejo, Surabaya', '', '', '', '0', '8562693341', '', '', '', '0', '', '0', '0', '0000-00-00 00:00:00'), ('117', '', 'Ayu Sri S', '', 'ayu.setiawan82@gmail.com', 'A201150108', '', '', 'Jl. Srigunting H70 Perum Tuban akbar, Tuban', '', '', '', '0', '81231411207', '', '', '', '0', '', '0', '0', '0000-00-00 00:00:00'), ('118', '', 'Imelda Rahayu Sitinjak', '', 'ayu@wilmar.co.id', 'A101150326', '', '', 'Jl. Kapt. Darmo Singondo RT01/03 Kebomas, Gresik', '', '', '', '0', '81371774408', '', '', '', '0', '', '0', '0', '0000-00-00 00:00:00'), ('119', '', 'Purnawati', '', 'azariakus@gmail.com', 'A301150047', '', '', 'Jl. Raya Tasikmadu no.24 Lowolmaru, Malang', '', '', '', '0', '8111044917', '', '', '', '0', '', '0', '0', '0000-00-00 00:00:00'), ('120', '', 'David Jaya Putra', '', 'babzier@yahoo.com', 'A101150226', '', '', 'Jl. Raya Kuta no.453 Lingk. Jaba, Jero, Kuta, Bali', '', '', '', '0', '81238320326', '', '', '', '0', '', '0', '0', '0000-00-00 00:00:00'), ('121', '', 'Indo Rizky', '', 'backbone27@gmail.com', 'A101150234', '', '', 'Jl. Ters Sigura-gura F-72 Malang', '', '', '', '0', '8885563556', '', '', '', '0', '', '0', '0', '0000-00-00 00:00:00'), ('122', '', 'Rizki Armandia Mahardika', '', 'bagdad.armandia17@gmail.com', 'A401150111', '', '', 'Jl. Kunthabaswara IV no.5 Malang', '', '', '', '0', '81335730970', '', '', '', '0', '', '0', '0', '0000-00-00 00:00:00'), ('123', '', 'Bagoes Soebastian', '', 'bagoesbastian78@ymail.com', 'A201150007', '', '', 'Palem Tengah MA 74 Pondok Candra, Sidoarjo', '', '', '', '0', '82131057245', '', '', '', '0', '', '0', '0', '0000-00-00 00:00:00'), ('124', '', 'Benidigtus Bagus Nugrahanta', '', 'bagus.nugrahanta@gmail.com', 'A201150156', '', '', 'Jl. Haji Junaidi Wisma Jebat no.4 Kemanggisan, Palmerah, Jakarta Barat', '', '', '', '0', '81383392513', '', '', '', '0', '', '0', '0', '0000-00-00 00:00:00'), ('125', '', 'Bagus Navyan Putra', '', 'bagus_putra2002@yahoo.com', 'A501150004', '', '', 'Jl. Rawa Kepa I no 610 Tomang, Jakarta', '', '', '', '0', '82139358660', '', '', '', '0', '', '0', '0', '0000-00-00 00:00:00'), ('126', '', 'Balgis Desy Sulistyowati', '', 'balgis.desy@yahoo.co.id', 'A401150084', '', '', 'Jl. Iskandar Muda no.278 Medan 20112', '', '', '', '0', '8123276722', '', '', '', '0', '', '0', '0', '0000-00-00 00:00:00'), ('127', '', 'Drs. H. Bambang Eko', '', 'bambangeko66@gmail.com', 'A101150028', '', '', 'Jl. Ardi Sriwijaya RT 01/15 Sooko, Mojokerto', '', '', '', '0', '8121641788', '', '', '', '0', '', '0', '0', '0000-00-00 00:00:00'), ('128', '', 'Bambang Kianadi Poetro Tegoeh', '', 'bambangtegoeh@gmail.com', 'A301150166', '', '', 'Jl. Malenggang no.11A Pisang Candi, Sukun, Malang', '', '', '', '0', '811364595', '', '', '', '0', '', '0', '0', '0000-00-00 00:00:00'), ('129', '', 'Basuko Hermawantyo', '', 'basuko.hermawantyo@adira.co.id', 'A301150043', '', '', 'Karangbong RT01/01 Gedangan, Sidoarjo', '', '', '', '0', '81330460145', '', '', '', '0', '', '0', '0', '0000-00-00 00:00:00'), ('130', '', 'Eko Wardojo', '', 'be_eko@yahoo,com', 'A101150007', '', '', 'Jl. Wonorejo Permai Timur IV/3, Wonorejo, Rungkut, Surabaya', '', '', '', '0', '8,133E+11', '', '', '', '0', '', '0', '0', '0000-00-00 00:00:00'), ('131', '', 'Bernice Pique Gendhika', '', 'bee_nice86@yahoo.com', 'A101150310', '', '', 'Jl. Jalak I/G-04 RT 06/02 Mangu Harjo, Madiun', '', '', '', '0', '8113636789', '', '', '', '0', '', '0', '0', '0000-00-00 00:00:00'), ('132', '', 'Tjong Tien Kit', '', 'bellavita@gmail.com', 'A401150003', '', '', 'Lebakarum 5/39 RT 06/09 Gading, Tambak Sari, Surabaya', '', '', '', '0', '82132887168', '', '', '', '0', '', '0', '0', '0000-00-00 00:00:00'), ('133', '', 'Lia Wardana, SE', '', 'bellovita@ymail.com', 'A401150001', '', '', 'Sandiego blok 7 no.16 Pakuwon City, Surabaya', '', '', '', '0', '817316126', '', '', '', '0', '', '0', '0', '0000-00-00 00:00:00'), ('134', '', 'Beni Saputro', '', 'benisaputro@gmail.com', 'A401150059', '', '', 'Perum Griya Samudra Asri Blok E5 no.14 Sidoarjo', '', '', '', '0', '82233091986', '', '', '', '0', '', '0', '0', '0000-00-00 00:00:00'), ('135', '', 'Benny Candra', '', 'benny.candra183@yahoo.com', 'A101150125', '', '', 'Kebonrojo No8-CC Krembangan, Surabaya', '', '', '', '0', '811326374', '', '', '', '0', '', '0', '0', '0000-00-00 00:00:00'), ('136', '', 'Yudhy Bhagaskara', '', 'bhagaskara@pjb.co.id', 'A101150257', '', '', 'Jl. Mayjen Sutoyo Gg Mulia A-07 Kraksaan, Probolinggo', '', '', '', '0', '81358657357', '', '', '', '0', '', '0', '0', '0000-00-00 00:00:00'), ('137', '', 'Gustaf Bimas Kustandi', '', 'bimbim180890@gmail.com', 'A101150286', '', '', 'Wonorejo Selatan II/Kav-30 Rungkut, Surabaya', '', '', '', '0', '85852929018', '', '', '', '0', '', '0', '0', '0000-00-00 00:00:00'), ('138', '', 'DR. Bing Wibisono', '', 'bingwibisono@gmail.com', 'A101150296', '', '', 'Kuningan Madya Kav. 5-6 Setia Budi, Jakarta Selatan', '', '', '', '0', '8129277691', '', '', '', '0', '', '0', '0', '0000-00-00 00:00:00'), ('139', '', 'Imam Mashudi', '', 'bintang.imam@yahoo.co.id', 'A101150066', '', '', 'Jl. Pinang 10 RT05/19 Citrodiwangsan, Lumajang', '', '', '', '0', '81331689395', '', '', '', '0', '', '0', '0', '0000-00-00 00:00:00'), ('140', '', 'Yuyun Kusumaningtias', '', 'birokesra_jatim@yahoo.com', 'A401150040', '', '', 'Kapas Krampung no.116-A Tambaksari, Surabaya', '', '', '', '0', '81332601975', '', '', '', '0', '', '0', '0', '0000-00-00 00:00:00'), ('141', '', 'Boby Septika Tri Wibowo', '', 'bobywibowo1@gmail.com', 'A101150279', '', '', 'Asrama TNI AD Mrican RT04/15 Candisari, Semarang', '', '', '', '0', '81325862861', '', '', '', '0', '', '0', '0', '0000-00-00 00:00:00'), ('142', '', 'Frans Surya D.', '', 'boss_smile_titi@yahoo.com', 'A201150027', '', '', 'Dian Istana F4/142 Wiyung Permai, Surabaya', '', '', '', '0', '83857427727', '', '', '', '0', '', '0', '0', '0000-00-00 00:00:00'), ('143', '', 'Brando', '', 'brando@daunan.com', 'A201150194', '', '', 'Perum Puri Surya Jaya Cluster Pasadena D6/29 Sidoarjo', '', '', '', '0', '82141141393', '', '', '', '0', '', '0', '6', '0000-00-00 00:00:00'), ('144', '', 'Liana', '', 'bryan.a.wijaya@gmail.com', 'A101150362', '', '', 'Lembah Harapan T-6 Lakarsantri Surabaya 60213', '', '', '', '0', '85249015599', '', '', '', '0', '', '0', '0', '0000-00-00 00:00:00'), ('145', '', 'Syaokani', '', 'bsyaukani@gmail.com', 'A101150083', '', '', 'Pondok Jati BU-03 Buduran, Sidoarjo', '', '', '', '0', '811348669', '', '', '', '0', '', '0', '0', '0000-00-00 00:00:00'), ('146', '', 'Budi Hermawanto', '', 'buanasda@gmail.com', 'A201150233', '', '', 'Pondok Mutiara - MEG - 20 - Sidoarjo', '', '', '', '0', '031 92223222', '', '', '', '0', '', '0', '0', '0000-00-00 00:00:00'), ('147', '', 'Budiyanto', '', 'bud_y@telkom.co.id', 'A101150171', '', '', 'Jl. Kaca Piring 4 no.5 Lingk. Gebang Tengah RT01/06 Patrang, Jember', '', '', '', '0', '8113267575', '', '', '', '0', '', '0', '0', '0000-00-00 00:00:00'), ('148', '', 'Budijanto', '', 'budi.coqa@gmail.com', 'A301150140', '', '', 'Jl. Darmo Harapan 8 blok EB 12 Tanjungsari, Sukomanunggal, Surabaya', '', '', '', '0', '81231705705', '', '', '', '0', '', '0', '0', '0000-00-00 00:00:00'), ('149', '', 'Dwi Budiyanto Darmadji', '', 'budi_apui@yahoo.com', 'A101150276', '', '', 'Perum Green Garden P-40 /DK.I, Bantul', '', '', '', '0', '811268455', '', '', '', '0', '', '0', '0', '0000-00-00 00:00:00'), ('150', '', 'Budi Santoso', '', 'budisantoso760@yahoo.co.id', 'A101150246', '', '', 'Kebonsari 001 Kacangan Sumberlawang. Sragen', '', '', '', '0', '81329951779', '', '', '', '0', '', '0', '0', '0000-00-00 00:00:00'), ('151', '', 'Bulannindah Nahinirim', '', 'bulansitorus@gmail.com', 'A201150070', '', '', 'Perum Griya Kencana Asri B-12, Wonorejo, Rungkut, Surabaya', '', '', '', '0', '82331999931', '', '', '', '0', '', '0', '0', '0000-00-00 00:00:00'), ('152', '', 'Ratna Kusuma Astuti', '', 'bumimas_one@yahoo.com', 'A401150047', '', '', 'Graha Tirta Akasia 14 Waru Sidoarjo', '', '', '', '0', '8121783397', '', '', '', '0', '', '0', '0', '0000-00-00 00:00:00'), ('153', '', 'Budi Setyawan', '', 'busetya1212@gmail.com', 'A101150164', '', '', 'Jl. Merdeka 38 Ganungkidul, Nganjuk', '', '', '', '0', '81808062002', '', '', '', '0', '', '0', '0', '0000-00-00 00:00:00'), ('154', '', 'Candra Kartika', '', 'candra.kartika@yahoo.co.id', 'A201150075', '', '', 'Perum Menganti Permai blok A2/8 Menganti, Gresik', '', '', '', '0', '031 70313136', '', '', '', '0', '', '0', '0', '0000-00-00 00:00:00'), ('155', '', 'dr. Christina', '', 'ch_sadeli@yahoo.com', 'A101150324', '', '', 'Margorejo Indah Utara B/921-A Wonocolo, Surabaya', '', '', '', '0', '81938039576', '', '', '', '0', '', '0', '0', '0000-00-00 00:00:00'), ('156', '', 'Anisa Malindo', '', 'chanyaduax@gmail.com', 'A501150019', '', '', 'Jl. Cikarab Raya no.03 Karawaci Baru, Tangerang', '', '', '', '0', '81298288664', '', '', '', '0', '', '0', '0', '0000-00-00 00:00:00'), ('157', '', 'Charis Trinovianto', '', 'charistrinovianto@gmail.com', 'A101150237', '', '', 'Rungkut Asri Barat XIII/38 RT03/07, Surabaya', '', '', '', '0', '81330549020', '', '', '', '0', '', '0', '0', '0000-00-00 00:00:00'), ('158', '', 'Chrisna Arthapura,SH', '', 'chrisna.wbm@gmail.com', 'A101150181', '', '', 'Bratang Binangun 5-C/5 Gubeng,Surabaya', '', '', '', '0', '', '', '', '', '0', '', '0', '0', '0000-00-00 00:00:00'), ('159', '', 'Christine Wulansari', '', 'christine.wulansari@csf.co.id', 'A101150027', '', '', 'Wedoro no.98 Waru, Sidoarjo', '', '', '', '0', '87863200097', '', '', '', '0', '', '0', '0', '0000-00-00 00:00:00'), ('160', '', 'Alicia Dwijayanti', '', 'ciazbunny@yahoo.com', 'A401150061', '', '', 'Rungkut Mejoyo Utara III/41 (Tenggilis Mejoyo AG 29) Surabaya', '', '', '', '0', '8113322217', '', '', '', '0', '', '0', '0', '0000-00-00 00:00:00'), ('161', '', 'Endang S', '', 'cici.winata@yahoo.co.id', 'A101150230', '', '', 'Jl. Sapta Prasetya Utara Raya no. 52, Semarang', '', '', '', '0', '87731139966', '', '', '', '0', '', '0', '0', '0000-00-00 00:00:00'), ('162', '', 'Cintia Tiffany Anang', '', 'cintiatiffany1009@gmail.com', 'A301150146', '', '', 'Tambak Mayor I no.10 Asemrowo, Surabaya', '', '', '', '0', '82244649721', '', '', '', '0', '', '0', '0', '0000-00-00 00:00:00'), ('163', '', 'Maita Dhamayanti', '', 'claxid@yahoo.com', 'A101150260', '', '', 'Jl. Mahakam SL-12 Wisma Tropodo, Waru, Sidoarjo', '', '', '', '0', '81230000417', '', '', '', '0', '', '0', '0', '0000-00-00 00:00:00'), ('164', '', 'Lia Dina Yunita', '', 'college_dina06@yahoo.co.id', 'A301150167', '', '', 'Jl. Panda Timur no.12 Pedurungan, Semarang', '', '', '', '0', '81908198682', '', '', '', '0', '', '0', '0', '0000-00-00 00:00:00'), ('165', '', 'Felix Lukman Christian', '', 'cpudear@gmail.com', 'A101150321', '', '', 'Jl. Asem III L.I/262 Kebon Jeruk, Jakarta Barat', '', '', '', '0', '8111892441', '', '', '', '0', '', '0', '0', '0000-00-00 00:00:00'), ('166', '', 'Hery Sinambung', '', 'cuen_sianto@yahoo.com', 'A301150173', '', '', 'Galaxi Bumi Permai RT01/12 Semolowaru, Sukolilo, Surabaya', '', '', '', '0', '811319011', '', '', '', '0', '', '0', '0', '0000-00-00 00:00:00'), ('167', '', 'Dian Apriliana Rahmawatie', '', 'd_aprilia@yahoo.com', 'A101150264', '', '', 'Tegalsari Barat 2/11 Candisari, Semarang', '', '', '', '0', '81325759746', '', '', '', '0', '', '0', '0', '0000-00-00 00:00:00'), ('168', '', 'Sevtiyeni Handayani Husnan', '', 'd_cy_capicon@yahoo.co.id', 'A101150242', '', '', 'Jl. Bendulmerisi no.94 Wonocolo, Surabaya', '', '', '', '0', '', '', '', '', '0', '', '0', '0', '0000-00-00 00:00:00'), ('169', '', 'Hermadi Listiawan', '', 'd33cool@gmail.com', 'A401150022', '', '', 'Kemlaten 12C n0.28 Kebraon, Karang pilang, Surabaya', '', '', '', '0', '81703144552', '', '', '', '0', '', '0', '0', '0000-00-00 00:00:00'), ('170', '', 'Dadang Wahyu Hendratmoko', '', 'dadangwahyuh@gmail.com', 'A101150268', '', '', 'Lingk. Teleng RT 04/11 Sidoharjo, Pacitan', '', '', '', '0', '81226661115', '', '', '', '0', '', '0', '0', '0000-00-00 00:00:00'), ('171', '', 'Atho\'illah Umar', '', 'dakatir@live.com', 'A201150214', '', '', 'Jl. K.H Wahid Hasyim 13/23 RT04/06 Kebonsari, Pasuruan', '', '', '', '0', '81559515251', '', '', '', '0', '', '0', '0', '0000-00-00 00:00:00'), ('172', '', 'Dali Pamungkas Putra', '', 'dal.instr02@gmail.com', 'A301150111', '', '', 'Gubeng Kertajaya 4B/18A Surabaya', '', '', '', '0', '8983999082', '', '', '', '0', '', '0', '0', '0000-00-00 00:00:00'), ('173', '', 'Daniel Herry Dwiyanto', '', 'daniel_herry@gmail.com', 'A101150319', '', '', 'Kalidami 5/4 Komp.KMS RT09/09 Gubeng, Surabaya', '', '', '', '0', '82139240432', '', '', '', '0', '', '0', '0', '0000-00-00 00:00:00'), ('174', '', 'Daniel Christian', '', 'danielreal_man@yahoo.com', 'A301150068', '', '', 'Taman Pondok Jati Aq-06 Geluran Taman, Sidoarjo', '', '', '', '0', '8993854222', '', '', '', '0', '', '0', '0', '0000-00-00 00:00:00'), ('175', '', 'Dhea Meika Andaresta', '', 'deaandaresta@gmail.com', 'A101150322', '', '', 'Jl. Musi Raya Barat no.140 sako, Palembang', '', '', '', '0', '81252967811', '', '', '', '0', '', '0', '0', '0000-00-00 00:00:00'), ('176', '', 'Debbie Nianta Musigiasari.APT', '', 'debbie.nianta@gmail.com', 'A401150016', '', '', 'Rungkut Asri Utara 4/23 Rungkut, Surabaya', '', '', '', '0', '8113432234', '', '', '', '0', '', '0', '0', '0000-00-00 00:00:00'), ('177', '', 'Hj. Debi Risanti, SH', '', 'debi_risanti@yahoo.com', 'A101150055', '', '', 'Jl. Hang Jebat VIII/87 Kebayoran Baru, Jakarta Selatan', '', '', '', '0', '8121151151', '', '', '', '0', '', '0', '0', '0000-00-00 00:00:00'), ('178', '', 'Deddy Suhendra', '', 'deddy.suhendra@yahoo.com', 'A101150240', '', '', 'Jl. Akasia II no.118 Sukmajaya, Depok', '', '', '', '0', '82232297971', '', '', '', '0', '', '0', '0', '0000-00-00 00:00:00'), ('179', '', 'Dedy Wisjnu Prihandoko, SH. SE', '', 'dedywisjnu@gmail.com', 'A101150121', '', '', 'Wisma Penjaringan Blok A-11 Rungkut, Surabaya', '', '', '', '0', '81331030448', '', '', '', '0', '', '0', '0', '0000-00-00 00:00:00'), ('180', '', 'Diah Yuanita Nur Endah', '', 'dee.yoenita@gmail.com', 'A301150112', '', '', 'Jl. Raya Bengawan Solo 41 Kebomas, Gresik', '', '', '', '0', '8973837987', '', '', '', '0', '', '0', '0', '0000-00-00 00:00:00'), ('181', '', 'Deni Adinegara', '', 'deni_adinegara@yahoo.com', 'A201150076', '', '', 'Rungkut Barata Raya 17 Gununganyar, Surabaya', '', '', '', '0', '8123098005', '', '', '', '0', '', '0', '0', '0000-00-00 00:00:00'), ('182', '', 'Denny Tri Priadhi', '', 'denny.tp.adhi@gmail.com', 'A101150094', '', '', 'Wahyu Temurun IV no. 13urungan, Semarang', '', '', '', '0', '8112750124', '', '', '', '0', '', '0', '0', '0000-00-00 00:00:00'), ('183', '', 'Dennys Sutrisna', '', 'dennys.sutrisna@yahoo.com', 'A101150184', '', '', 'Juanda Harp. Permai blok AD/22', '', '', '', '0', '81931061172', '', '', '', '0', '', '0', '0', '0000-00-00 00:00:00'), ('184', '', 'Faizul Nuadzin', '', 'deonezoel@gmail.com', 'A201150138', '', '', 'Jl. Raya Setia Budi JakSel, Kuningan AXA Tower lt.32', '', '', '', '0', '81932473555', '', '', '', '0', '', '0', '0', '0000-00-00 00:00:00'), ('185', '', 'Nursahid Dermawan', '', 'dermawan.nursahids7@gmail.com', 'A101150244', '', '', 'Darmosari Gayam, Sukoharjo RT 02/07 Jawa Tengah', '', '', '', '0', '85742253538', '', '', '', '0', '', '0', '0', '0000-00-00 00:00:00'), ('186', '', 'Desy Fransiska', '', 'desy_fransiska@yahoo.co.id', 'A301150010', '', '', 'Lebak Jaya Tengah UTR 78-B Gading, Tambaksari, Surabaya', '', '', '', '0', '82131025000', '', '', '', '0', '', '0', '0', '0000-00-00 00:00:00'), ('187', '', 'Gunobiksmo Adi Putra Wahono', '', 'devina.vorul@yahoo.com', 'A301150096', '', '', 'Jl. Kalingkang I RT04/10 Pisangcandi, Sukun, Malang', '', '', '', '0', '8563531227', '', '', '', '0', '', '0', '0', '0000-00-00 00:00:00'), ('188', '', 'Devi Nataliana, SH', '', 'devinatali964@gmail.com', 'A401150086', '', '', 'Jl. Manggis XI - 68 Pondok Tjandra Indah Surabaya', '', '', '', '0', '82131040696', '', '', '', '0', '', '0', '0', '0000-00-00 00:00:00'), ('189', '', 'Siska Dewi Setiawati, S.SI', '', 'dewi.dakonanmas@gmail.com', 'A301150037', '', '', 'Kapas Madya 2-B/32 Tambak Sari, Surabaya', '', '', '', '0', '81931525383', '', '', '', '0', '', '0', '3', '0000-00-00 00:00:00'), ('190', '', 'Sutaryono', '', 'dfatmahwati@yahoo.co.id', 'A301150063', '', '', 'Jl. Teluk Ratai I no.42 Kelapa Gading Barat, Jakarta Utara', '', '', '', '0', '8129550644', '', '', '', '0', '', '0', '0', '0000-00-00 00:00:00'), ('191', '', 'Drg. Desak Gede Christina AK.', '', 'dgd.asita@yahoo.com', 'A101150290', '', '', 'Tytyan Indah blok M4/128 Medan Satria, Bekasi', '', '', '', '0', '8129121950', '', '', '', '0', '', '0', '0', '0000-00-00 00:00:00'), ('192', '', 'Ferdana Sukirno', '', 'dhana.lets@gmail.com', 'A101150186', '', '', 'Jl. H. Radin no.72A Pesanggrahan, Jakarta Selatan', '', '', '', '0', '81284123485', '', '', '', '0', '', '0', '0', '0000-00-00 00:00:00'), ('193', '', 'DR Satyagraha Suryaagust, SH,MH', '', 'dhanny.satya@yahoo.com', 'A101150183', '', '', 'Jl. Kakatua 3 no.49B Mamajang, Makasar', '', '', '', '0', '8113477539', '', '', '', '0', '', '0', '0', '0000-00-00 00:00:00'), ('194', '', 'Viro Dharma Saputra', '', 'dharmaviro@gmail.com', 'A201150115', '', '', 'Wonorejo I/37B Tegalsari, Surabaya', '', '', '', '0', '85648217577', '', '', '', '0', '', '0', '0', '0000-00-00 00:00:00'), ('195', '', 'Hok Gwan (Dharmo Budiono)', '', 'dharmo_bd@yahoo.com', 'A301150032', '', '', 'Villa Bukit Regency III/PE1-6A Pakuwon Indah, Sambikerep, Surabaya', '', '', '', '0', '81222226770', '', '', '', '0', '', '0', '0', '0000-00-00 00:00:00'), ('196', '', 'Dian Setiatiningsih', '', 'dian.setiatiningsih79@gmail.com', 'A101150349', '', '', 'Ngraho RT 02/01 Bojonegoro', '', '', '', '0', '8123401125', '', '', '', '0', '', '0', '0', '0000-00-00 00:00:00'), ('197', '', 'Dian Dwiningsih', '', 'dian@topsellgroup.com', 'A401150068', '', '', 'Jl. Bhayangkara no.89 Magersari, Mojokerto', '', '', '', '0', '0321 324917', '', '', '', '0', '', '0', '0', '0000-00-00 00:00:00'), ('198', '', 'Dian Kusumawati', '', 'dian_dentist@yahoo.com', 'A101150366', '', '', 'Pumpungan 3 no.2-4, Menur Pumpungan, Sukolilo, Surabaya', '', '', '', '0', '82139545385', '', '', '', '0', '', '0', '0', '0000-00-00 00:00:00'), ('199', '', 'Muhlis Marandana', '', 'dian_gmb@yahoo.com', 'A101150015', '', '', 'Padeg RT02/02 Cerme, Gresik', '', '', '', '0', '85732524443', '', '', '', '0', '', '0', '0', '0000-00-00 00:00:00'), ('200', '', 'Dian Ayu Masitah', '', 'dian_gmb@yahoo.com', 'A301150025', '', '', 'Padeg RT01/03 Cerme, Gresik', '', '', '', '0', '85732524443', '', '', '', '0', '', '0', '15', '0000-00-00 00:00:00'), ('201', '', 'Dian Asmarani', '', 'dian_karyono@yahoo.com', 'A301150124', '', '', 'Manyar Tirtiyoso Utara VII/19 Sukolilo, Surabaya', '', '', '', '0', '8121727450', '', '', '', '0', '', '0', '0', '0000-00-00 00:00:00'), ('202', '', 'Dian Putri Damayanti', '', 'dian191214@gmail.com', 'A101150289', '', '', 'Jl. Raya Tambakrejo 26 Tajinan, Malang', '', '', '', '0', '81333126244', '', '', '', '0', '', '0', '0', '0000-00-00 00:00:00'), ('203', '', 'DRA. Diana Amalia. MSI', '', 'diana_aliah@yahoo.com', 'A101150158', '', '', 'Griya Bhayangkara B-14 Sukodono, Sidoarjo', '', '', '', '0', '8179301334', '', '', '', '0', '', '0', '0', '0000-00-00 00:00:00'), ('204', '', 'Dian Martahalina', '', 'dianv.sby76@yahoo.com', 'A201150107', '', '', 'Tempel Sukorejo 5/101 Surabaya', '', '', '', '0', '8125280999', '', '', '', '0', '', '0', '0', '0000-00-00 00:00:00'), ('205', '', 'Didin Prabandini, ST', '', 'didin@indowire.co.id', 'A301150074', '', '', 'Jl. Rungkut Asri no.4 Surabaya', '', '', '', '0', '8123166334', '', '', '', '0', '', '0', '0', '0000-00-00 00:00:00'), ('206', '', 'RR. Dien Soeharto. DRA', '', 'dien.soeharto@yahoo.com', 'A101150311', '', '', 'Ngagel Jaya Utara 68 Pucang Sewu, Gubeng, Surabaya', '', '', '', '0', '81234364777', '', '', '', '0', '', '0', '0', '0000-00-00 00:00:00'), ('207', '', 'Robby Andika Putra', '', 'dikamendoza@gmail.com', 'A501150030', '', '', 'Jl. Pemuda Gg. Buraq no.4 Tampan, Payung Sekaki, Pekanbaru, Riau', '', '', '', '0', '8127626461', '', '', '', '0', '', '0', '0', '0000-00-00 00:00:00'), ('208', '', 'Dilla Rukmi Indarti', '', 'dila_r3@yahoo.co.id', 'A401150087', '', '', 'Desa Prasung Tani RT03/01 Buduran, Sidoarjo', '', '', '', '0', '8123039335', '', '', '', '0', '', '0', '0', '0000-00-00 00:00:00'), ('209', '', 'Dilla Fenty Wulandhari', '', 'dilla.pribowo@yahoo.com', 'A101150344', '', '', 'Jl. Medayu Pesona VIII blok G-35 Rungkut, Surabaya', '', '', '', '0', '87852626650', '', '', '', '0', '', '0', '0', '0000-00-00 00:00:00'), ('210', '', 'Dina Ramadhany', '', 'dina@panincendana.net', 'A201150099', '', '', 'Perum Kartini City Home no.1 Sidomoro, Gresik', '', '', '', '0', '', '', '', '', '0', '', '0', '0', '0000-00-00 00:00:00'), ('211', '', 'Dini Ertanto', '', 'dindin.ertanto@yahoo.com', 'A101150079', '', '', 'Green Garden Regency blok D3/17, Gresik', '', '', '', '0', '81251008778', '', '', '', '0', '', '0', '0', '0000-00-00 00:00:00'), ('212', '', 'Kismiah', '', 'ditaindah84@gmail.com', 'A201150029', '', '', 'Kemb. Kuning Kulon 1/15-A Surabaya', '', '', '', '0', '81703848599', '', '', '', '0', '', '0', '0', '0000-00-00 00:00:00'), ('213', '', 'Ananditho Joko Prakoso', '', 'dito.prakoso@gmail.com', 'A101150348', '', '', 'Komp. Tamansari Pesona Bali Ubud F7/25 Ciputat Timur, Tanggerang Selatan', '', '', '', '0', '81519052390', '', '', '', '0', '', '0', '0', '0000-00-00 00:00:00'), ('214', '', 'Djefri Tjandra, SE', '', 'djefri.tjandra@gmail.com', 'A401150051', '', '', 'Jl. Megawati no 12 Surabaya', '', '', '', '0', '8996137302', '', '', '', '0', '', '0', '0', '0000-00-00 00:00:00'), ('215', '', 'Djohan, Ir', '', 'djohandj@hotmail.com', 'A401150088', '', '', 'Griya Babatan Mukti 13/K-354 Babatan, Wiyung, Surabaya', '', '', '', '0', '8123008624', '', '', '', '0', '', '0', '0', '0000-00-00 00:00:00'), ('216', '', 'Djoko Susanto Kurnia', '', 'djoko.sutanto@yahoo.com', 'A201150055', '', '', 'Jl. Kauman 30 Mangli, Kaliwates, Surabaya', '', '', '', '0', '8125250018', '', '', '', '0', '', '0', '0', '0000-00-00 00:00:00'), ('217', '', 'Djoko Purwanto', '', 'djokopurwanto24@yahoo.com', 'A301150053', '', '', 'Pondok Mutiara Harum AF12. Sidoarjo', '', '', '', '0', '81230780300', '', '', '', '0', '', '0', '0', '0000-00-00 00:00:00'), ('218', '', 'Dwi Krisnayanti Karsono, ST', '', 'dkr@ecco.com', 'A301150176', '', '', 'PSJ. Taman Boston K8-19 Punggul, Gedangan, Sidoarjo', '', '', '', '0', '8,38494E+11', '', '', '', '0', '', '0', '0', '0000-00-00 00:00:00'), ('219', '', 'DR. Meiti Muljanti', '', 'doktermeiti@yahoo.com', 'A101150355', '', '', 'Jl. Garuda no.37 Semambung, Gedangan, Sidoarjo', '', '', '', '0', '8123524623', '', '', '', '0', '', '0', '0', '0000-00-00 00:00:00'), ('220', '', 'David Setiawan', '', 'dominic2384@gmail.com', 'A201150085', '', '', 'Rungkut Industri 3/49A Surabaya', '', '', '', '0', '81931616621', '', '', '', '0', '', '0', '12', '0000-00-00 00:00:00'), ('221', '', 'Donny Revianto Harman', '', 'donnysofie@yahoo.com', 'A301150044', '', '', 'APTM Robinson Lt 27 tower.A Jakarta', '', '', '', '0', '81574344882', '', '', '', '0', '', '0', '0', '0000-00-00 00:00:00'), ('222', '', 'Didik Prastoyono', '', 'dprastiyono@gmail.com', 'A101150255', '', '', 'Jl. Sumber rejo V no. 23, Balokpapan', '', '', '', '0', '85230851222', '', '', '', '0', '', '0', '0', '0000-00-00 00:00:00'), ('223', '', 'M. Suhriawan S. SSTP.A', '', 'dprd.kab.blk@gmail.com', 'A101150306', '', '', 'jl. Sawerigading Ujung Bulu,Bulukumba, Sulawesi Selatan', '', '', '', '0', '8,12549E+11', '', '', '', '0', '', '0', '0', '0000-00-00 00:00:00'), ('224', '', 'Drajat Bagus Susilo', '', 'drajatbs@yahoo.com', 'A101150111', '', '', 'Sriyatno Karanggeneng RT01/01 Boyolali', '', '', '', '0', '85725181240', '', '', '', '0', '', '0', '0', '0000-00-00 00:00:00'), ('225', '', 'Messy Eka Mulya', '', 'drmessy@gmail.com', 'A301150204', '', '', 'Surya Asri II blok 6 no.10 Jumput Rejo, Sukodono, Sidoarjo', '', '', '', '0', '81336289119', '', '', '', '0', '', '0', '0', '0000-00-00 00:00:00'), ('226', '', 'Peny Sriasih', '', 'drpeny@yahoo.com', 'A301150083', '', '', 'Pondok Mutiara Harum AF-12 Sidoarjo', '', '', '', '0', '8123532605', '', '', '', '0', '', '0', '0', '0000-00-00 00:00:00'), ('227', '', 'Fakhrizal', '', 'dutamsm@gmail.com', 'A501150017', '', '', 'Jl. Jeumpa no.17 Gampong Meunasah Baet, Aceh Besar, Krueng Barona Jaya', '', '', '', '0', '8126927975', '', '', '', '0', '', '0', '0', '0000-00-00 00:00:00'), ('228', '', 'Samudro Aprianto', '', 'dutasegara2014@gmail.com', 'A101150137', '', '', 'Medokanayu MA.2P/18 Rungkut, Surabaya', '', '', '', '0', '81230431944', '', '', '', '0', '', '0', '0', '0000-00-00 00:00:00'), ('229', '', 'Hadi Saputra', '', 'dw_haribri@yahoo.co.id', 'A101150040', '', '', 'Jl. AES. Nasution no.21 Marabahan, Barito Kuala, Kalimantan Selatan', '', '', '', '0', '81331003733', '', '', '', '0', '', '0', '0', '0000-00-00 00:00:00'), ('230', '', 'Dwi Erlina Elvandari', '', 'dwi.elvandari@cikal.co.id', 'A401150070', '', '', 'Griyo Pabean 2 blok H no.35 Sedati, Sidoarjo', '', '', '', '0', '81331455835', '', '', '', '0', '', '0', '0', '0000-00-00 00:00:00'), ('231', '', 'Muhammad Nizar', '', 'dwiharim@yahoo.com', 'A101150298', '', '', 'Citra Gran blok I 5 no.10 Jatisampurna, Bekasi', '', '', '', '0', '81317121314', '', '', '', '0', '', '0', '0', '0000-00-00 00:00:00'), ('232', '', 'Dwi Hartono', '', 'dwihartono0373@gmail.com', 'A401150035', '', '', 'Komplek Lapas Jombang, Jl. Wahd Hasyim Jombang', '', '', '', '0', '81348419294', '', '', '', '0', '', '0', '0', '0000-00-00 00:00:00'), ('233', '', 'Dwi Indah Budiarti', '', 'dwiindahbudi21@gmail.com', 'A101150282', '', '', 'Jl. Udang Windu 31 Mangli, Kaliwates, Jember', '', '', '', '0', '81234918789', '', '', '', '0', '', '0', '0', '0000-00-00 00:00:00'), ('234', '', 'Duwita', '', 'dwita.siagian@yahoo.com', 'A201150048', '', '', 'Komp. Griya Pesona Asri blok.D no.42 Surabaya', '', '', '', '0', '81314195112', '', '', '', '0', '', '0', '0', '0000-00-00 00:00:00'), ('235', '', 'Dyah Trimurti Raharjo', '', 'dyahtrimurti@gmail.com', 'A101150313', '', '', 'Kota Wisata Denhaag P.5/7 Gunung Putri, Bogor', '', '', '', '0', '811195607', '', '', '', '0', '', '0', '0', '0000-00-00 00:00:00'), ('236', '', 'Edwin Setyo Adwiranto', '', 'ed_akape@yahoo.co.id', 'A101150133', '', '', 'Jl. Raya Giripurno 56 Batu, Malang', '', '', '', '0', '81333332477', '', '', '', '0', '', '0', '0', '0000-00-00 00:00:00'), ('237', '', 'Eddy Hartono', '', 'eddy_hartono2000@yahoo.com', 'A101150221', '', '', 'Manukan Karya A-I/49 Manukan Kulon, Tandes, Surabaya', '', '', '', '0', '8123068041', '', '', '', '0', '', '0', '0', '0000-00-00 00:00:00'), ('238', '', 'Eddy Kristian', '', 'eddykristian@yahoo.com', 'A501150008', '', '', 'Jl. Jendral Sudirman no.206 Semarang', '', '', '', '0', '816655465', '', '', '', '0', '', '0', '0', '0000-00-00 00:00:00'), ('239', '', 'Edi Darmasto', '', 'edidarmasto@yahoo.com', 'A401150044', '', '', 'Jl. Tapak Siring no.28 Surabaya', '', '', '', '0', '82142404299', '', '', '', '0', '', '0', '0', '0000-00-00 00:00:00'), ('240', '', 'Edi Sukoco', '', 'edisukoco8@gmail.com', 'A401150033', '', '', 'Jl. Kahuripan 98 Sidoarjo', '', '', '', '0', '82142407032', '', '', '', '0', '', '0', '0', '0000-00-00 00:00:00'), ('241', '', 'Edy Djauhari Purwakusumah', '', 'edjauhari@gmail.com', 'A101150011', '', '', 'Jl. Calincing 1No.9 RT 05/13 Tegal Gundil, Bogor', '', '', '', '0', '811113430', '', '', '', '0', '', '0', '0', '0000-00-00 00:00:00'), ('242', '', 'Edwin Yogas', '', 'edwin_yogaspatra@yahoo.co.id', 'A201150124', '', '', 'Jl. Rambutan Desa Pendem, Junrejo, Batu', '', '', '', '0', '81313617070', '', '', '', '0', '', '0', '0', '0000-00-00 00:00:00'), ('243', '', 'Edy Hadian', '', 'edy_hadian@yahoo.com', 'A101150062', '', '', 'Jl. Pemancar XI no.1 Cisalak, Sukmajaya, Depok', '', '', '', '0', '816962232', '', '', '', '0', '', '0', '0', '0000-00-00 00:00:00'), ('244', '', 'Oei Edy Wisan', '', 'edyw888@gmail.com', 'A201150116', '', '', 'Jl. Ambengan 79 Surabaya', '', '', '', '0', '031 5981302', '', '', '', '0', '', '0', '0', '0000-00-00 00:00:00'), ('245', '', 'Efi Yulistina', '', 'efisujiono29@gmail.com', 'A101150203', '', '', 'Jl. Padmosusastro 96 Sawahan, Surabaya', '', '', '', '0', '81232518999', '', '', '', '0', '', '0', '0', '0000-00-00 00:00:00'), ('246', '', 'Eka Yulia Efayanty', '', 'eka86efanti@ymail.com', 'A101150058', '', '', 'Jedong no.72 Tambak Sari, Surabaya', '', '', '', '0', '82131169727', '', '', '', '0', '', '0', '0', '0000-00-00 00:00:00'), ('247', '', 'Eka Setya Rahardja, dr', '', 'ekamediday@yahoo.com', 'A401150009', '', '', 'Perum Untag blok A/16 Surabaya', '', '', '', '0', '81803183577', '', '', '', '0', '', '0', '0', '0000-00-00 00:00:00'), ('248', '', 'Eka Septiana', '', 'ekaseptiana_azhary@yahoo.com', 'A501150014', '', '', 'PT. Service Line, Wisma Slipi Lt.14, Jl. S.Parman, Jakarta Barat', '', '', '', '0', '81271941162', '', '', '', '0', '', '0', '0', '0000-00-00 00:00:00'), ('249', '', 'Eko Sumarno', '', 'eko.sumarno@ymail.com', 'A101150189', '', '', 'Bujel Gg. I no.20 Mojoroto, Kediri', '', '', '', '0', '81259010000', '', '', '', '0', '', '0', '0', '0000-00-00 00:00:00'), ('250', '', 'Agustinus Sigit Habsara', '', 'elbayues@yahoo.com', 'A101150123', '', '', 'Jl. Duku I No. 11A RT 02/04 Laweyan Surakarta', '', '', '', '0', '81393484055', '', '', '', '0', '', '0', '0', '0000-00-00 00:00:00'), ('251', '', 'Eleanna Aryati Budihardja', '', 'eleannaaryati@yahoo.com', 'A301150104', '', '', 'Villa Bukit Mas blok C-20 Dukuh Pakis, Surabaya', '', '', '', '0', '81803226947', '', '', '', '0', '', '0', '0', '0000-00-00 00:00:00'), ('252', '', 'Elly Ernawati', '', 'ellyernawati44@yahoo.com', 'A101150127', '', '', 'Jl. AM. Sangaji Gg. Family 10 no.40 Sungai Pinang, Samarinda', '', '', '', '0', '81255335522', '', '', '', '0', '', '0', '0', '0000-00-00 00:00:00'), ('253', '', 'Ellysa Tjandra', '', 'ellysa_tj@yahoo.com', 'A201150215', '', '', 'Raya Sawo no 2 , Bringin, Sambikerep, Surabaya', '', '', '', '0', '816526750', '', '', '', '0', '', '0', '0', '0000-00-00 00:00:00'), ('254', '', 'Elvira Handayani', '', 'elphiera_h@yahoo.com', 'A101150140', '', '', 'Jl. Bukit Nakula no.8 Banyumanik, Semarang', '', '', '', '0', '81914460003', '', '', '', '0', '', '0', '0', '0000-00-00 00:00:00'), ('255', '', 'Budhi Dharma Prasetya', '', 'elviana.chandra@yahoo.com', 'A401150085', '', '', 'Raya Dukuh Kupang kav 800 Surabaya', '', '', '', '0', '81703306099', '', '', '', '0', '', '0', '0', '0000-00-00 00:00:00'), ('256', '', 'Elvina Soekotjo', '', 'elvinasoekotjo@gmail.com', 'A201150033', '', '', 'Jl. Ngemplak Gg.I no.38 Undaan Wetan, Surabaya', '', '', '', '0', '81553336518', '', '', '', '0', '', '0', '0', '0000-00-00 00:00:00'), ('257', '', 'Dianawati', '', 'emankprins_qiacantique@yahoo.com', 'A101150332', '', '', 'Raya Tenggilis 137-C Tenggilis Mejoyo, Surabaya', '', '', '', '0', '8123210931', '', '', '', '0', '', '0', '0', '0000-00-00 00:00:00'), ('258', '', 'Endra Kriswanto. S.Si', '', 'endrakriswanto@yahoo.com', 'A101150160', '', '', 'Bendul Merisi selatan 3/15 Wonocolo, Surabaya', '', '', '', '0', '87852326226', '', '', '', '0', '', '0', '0', '0000-00-00 00:00:00'), ('259', '', 'Engelin Hana Suyanto', '', 'engelinhana@yahoo.com', 'A101150287', '', '', 'Perum Golf Estate blok II 1/15', '', '', '', '0', '811117607', '', '', '', '0', '', '0', '0', '0000-00-00 00:00:00'), ('260', '', 'Enna', '', 'enna.berkat@gmail.com', 'A101150162', '', '', 'Taman Rahayu D4 no.5 Margaasih, Bandung', '', '', '', '0', '', '', '', '', '0', '', '0', '0', '0000-00-00 00:00:00'), ('261', '', 'Dwi Retno Octaviany', '', 'ennofavian@gmail.com', 'A101150350', '', '', 'Gubeng Kertajaya 4-D/25-B Surabaya', '', '', '', '0', '87852280026', '', '', '', '0', '', '0', '0', '0000-00-00 00:00:00'), ('262', '', 'Entin Christina', '', 'entinkoko@gmail.com', 'A101150099', '', '', 'Anyelir Golf no.12A Sukaraja, Bogor', '', '', '', '0', '81223229095', '', '', '', '0', '', '0', '0', '0000-00-00 00:00:00'), ('263', '', 'Eny Kurniawati', '', 'enykurnia43@yahoo.com', 'A201150195', '', '', 'Botoputih 1/14 RT05/09 Simolawang, Simokerto, Surabaya', '', '', '', '0', '8155298416', '', '', '', '0', '', '0', '0', '0000-00-00 00:00:00'), ('264', '', 'Erfandy Setiawan', '', 'erfandyeore@gmail.com', 'A401150110', '', '', 'Jl. Jemursari no.111 Surabaya', '', '', '', '0', '85755556899', '', '', '', '0', '', '0', '0', '0000-00-00 00:00:00'), ('265', '', 'Erick Wijaya', '', 'erichie.rich@yahoo.com', 'A201150102', '', '', 'Perum Griya Amerta blok H-16 Medayu Utara, Surabaya', '', '', '', '0', '81803027001', '', '', '', '0', '', '0', '0', '0000-00-00 00:00:00'), ('266', '', 'Eriska Tyas Yustisia', '', 'eriskayustisia@ymail.com', 'A101150113', '', '', 'Jl. Sapta Prasetya Utara VI Pedurungan, Semarang', '', '', '', '0', '81390795686', '', '', '', '0', '', '0', '0', '0000-00-00 00:00:00'), ('267', '', 'Erna Riswidowati Ningsih', '', 'ernaris@gmail.com', 'A301150139', '', '', 'Jl. Raya Meduran no.98 Roomo, Manyar, Gresik', '', '', '', '0', '8175250638', '', '', '', '0', '', '0', '0', '0000-00-00 00:00:00'), ('268', '', 'Ery Wibowo', '', 'erry.1234@gmail.com', 'A101150247', '', '', 'Jl. Aries 04 Pabean, Sumenep', '', '', '', '0', '8123000063', '', '', '', '0', '', '0', '0', '0000-00-00 00:00:00'), ('269', '', 'Erwin Gunawan', '', 'erwingunawan41@gmail.com', 'A401150027', '', '', 'Jl. Laksda Adi Sucipto Gg.22/ Perum Graha Cipta Residence C4 Pandanwangi, Blimbing, Malang', '', '', '', '0', '81233912221', '', '', '', '0', '', '0', '0', '0000-00-00 00:00:00'), ('270', '', 'Ronny Handoko', '', 'escudoid@yahoo.com', 'A201150053', '', '', 'Jl. Slamet Riyadi 10 Tuban', '', '', '', '0', '8179315652', '', '', '', '0', '', '0', '0', '0000-00-00 00:00:00'), ('271', '', 'Etza Ismaralda', '', 'etza.ismaralda@gmail.com', 'A401150042', '', '', 'Wiguna TengahXVI/11 Surabaya', '', '', '', '0', '8123000059', '', '', '', '0', '', '0', '0', '0000-00-00 00:00:00'), ('272', '', 'Ida Ariani', '', 'eunicoelie@yahoo.com', 'A101150039', '', '', 'Jl. Seroja Dalam no.9 Karang Kidul, Semarang Tengah', '', '', '', '0', '8156516004', '', '', '', '0', '', '0', '0', '0000-00-00 00:00:00'), ('273', '', 'Titus Hari Setiawan', '', 'evangeline566@yahoo.co.id', 'A101150329', '', '', 'Jl. Bukit Delima VI/10 Permata Puri, Ngaliyan, Semarang', '', '', '', '0', '85713001726', '', '', '', '0', '', '0', '0', '0000-00-00 00:00:00'), ('274', '', 'Evan Yoewono', '', 'evanyoe@yahoo.co.id', 'A201150063', '', '', 'Taman Kendangsari 18 Tenggilis Mejoyo, Surabaya', '', '', '', '0', '81221737856', '', '', '', '0', '', '0', '3', '0000-00-00 00:00:00'), ('275', '', 'Eva Tanudjaja', '', 'evatanudjaja@yahoo.com', 'A101150037', '', '', 'Raya Graha Famili R-79 Wiyung, Surabaya', '', '', '', '0', '811336800', '', '', '', '0', '', '0', '0', '0000-00-00 00:00:00'), ('276', '', 'Feodora Evelyne Angelina', '', 'evelyne.angelina@gmail.com', 'A401150089', '', '', 'Intiland Tower Suite 7A 2nd Floor, Jl. Panglima Sudirman 101-103 Surabaya 60271', '', '', '', '0', '82233149059', '', '', '', '0', '', '0', '0', '0000-00-00 00:00:00'), ('277', '', 'Fransiskus Wendyanto', '', 'f.wendyanto@hotmail.com', 'A101150354', '', '', 'Kalijudan Indah 12/37 (N-23) RT03/07 Mulyorejo, Surabaya', '', '', '', '0', '85258959225', '', '', '', '0', '', '0', '0', '0000-00-00 00:00:00'), ('278', '', 'Farah Nurani Tjinong, SH', '', 'f4r4h-not@yahoo.co.id', 'A201150196', '', '', 'PSJ. Taman Nagoya FI-45 RT02/07 Gedangan, Sidoarjo', '', '', '', '0', '031 - 8917688', '', '', '', '0', '', '0', '0', '0000-00-00 00:00:00'), ('279', '', 'Moch. Fadhillah H.', '', 'fadhilahharithtg@gmail.com', 'A301150050', '', '', 'Ikan Mungsing 13/4 Perak Barat, Krembangan, Surabaya', '', '', '', '0', '8133111199', '', '', '', '0', '', '0', '6', '0000-00-00 00:00:00'), ('280', '', 'Moch. Fachrur Rachman Faaiq', '', 'fadiqrf@yahoo.com', 'A101150100', '', '', 'Wonorejo 3/112 Tegalsari, Surabaya', '', '', '', '0', '', '', '', '', '0', '', '0', '0', '0000-00-00 00:00:00'), ('281', '', 'Fadjar Hariwidjajanto', '', 'fadjarhari@sasainti.co.id', 'A301150180', '', '', 'Jl. DR Wahidin 90 Sukabumi, Mayangan, Probolinggo', '', '', '', '0', '85331419090', '', '', '', '0', '', '0', '0', '0000-00-00 00:00:00'), ('282', '', 'Abdillah', '', 'fadlia.aku@gmail.com', 'A501150021', '', '', 'Dinas Pendidikan, Jl. Datu Insad, Angsau, Pelaihari, Tanah Laut, Kalimantan Selatan, 78814', '', '', '', '0', '81349605617', '', '', '', '0', '', '0', '0', '0000-00-00 00:00:00'), ('283', '', 'Muhammad Faisol', '', 'faisol@larsen.co.id', 'A201150022', '', '', 'Bulak Setro 4/55 Surabaya', '', '', '', '0', '83849719889', '', '', '', '0', '', '0', '0', '0000-00-00 00:00:00'), ('284', '', 'Fajar Ferdhina, S.PSI', '', 'fajarferdhina@xl.blackberry.com', 'A301150046', '', '', 'Rungkut Menanggal Harapan K-10 Gunung Anyar, Surabaya', '', '', '', '0', '818326083', '', '', '', '0', '', '0', '0', '0000-00-00 00:00:00'), ('285', '', 'Lita Sumarno', '', 'fandyhalim@yahoo.com', 'A101150120', '', '', 'Patemon Barat 96 Sawahan, Surabaya', '', '', '', '0', '85100592464', '', '', '', '0', '', '0', '0', '0000-00-00 00:00:00'), ('286', '', 'Fanny Fransiska Sari Williams', '', 'fannyfastprint@gmail.com', 'A301150206', '', '', 'Klampis Anom IX/6-22 Klampis Ngasem, Surabaya', '', '', '', '0', '818307995', '', '', '', '0', '', '0', '0', '0000-00-00 00:00:00'), ('287', '', 'Rr. Farrah Liniyanie', '', 'farahlyss20@gmail.com', 'A301150078', '', '', 'Simo Hilir Barat II-7 H/20 Simomulyo Baru, Suko Manunggal, Surabaya', '', '', '', '0', '', '', '', '', '0', '', '0', '0', '0000-00-00 00:00:00'), ('288', '', 'Betty Fardiana', '', 'fardian_beth@yahoo.com', 'A101150202', '', '', 'Jl Raya Brantas 89 Kebomas, Gresik', '', '', '', '0', '81357021982', '', '', '', '0', '', '0', '0', '0000-00-00 00:00:00'), ('289', '', 'Arif Fardiyan', '', 'fardiyan_arief@yahoo.com', 'A101150174', '', '', 'Ploso Timur 1/89 Tambak Sari. Surabaya', '', '', '', '0', '', '', '', '', '0', '', '0', '0', '0000-00-00 00:00:00'), ('290', '', 'Zulfaidah Ariyani', '', 'fariawj@yahoo.com', 'A301150092', '', '', 'Jl. Menoreh tengah VIII no 55-A Sampang', '', '', '', '0', '8163681102', '', '', '', '0', '', '0', '0', '0000-00-00 00:00:00'), ('291', '', 'Farid Dibyo Mayangkoro', '', 'faridibyo@gmail.com', 'A101150025', '', '', 'Siwalankerto Selatan 4/8 RT 04/06 Wonocolo, Surabaya ', '', '', '', '0', '81332315011', '', '', '', '0', '', '0', '0', '0000-00-00 00:00:00'), ('292', '', 'Teddy Krishna Febion, ST', '', 'febron92@gmail.com', 'A101150272', '', '', 'Taman Pinang Indah C2/9 banjarbendo, Sidoarjo', '', '', '', '0', '8123126797', '', '', '', '0', '', '0', '0', '0000-00-00 00:00:00'), ('293', '', 'Febri Yanti', '', 'feefhebrie12@gmail.com', 'A401150011', '', '', 'Darmo Harapan Indah 05/UU30 Tandes, Surabaya', '', '', '', '0', '81938180324', '', '', '', '0', '', '0', '0', '0000-00-00 00:00:00'), ('294', '', 'Effendi Yanuardi', '', 'fendix56@gmail.com', 'A301150003', '', '', 'Lingk. Macanan Petung Asri, Pandaan. Pasuruan', '', '', '', '0', '81330423500', '', '', '', '0', '', '0', '0', '0000-00-00 00:00:00'), ('295', '', 'Ferawati', '', 'ferawati87@yahoo.com', 'A201150159', '', '', 'Patemon Barat 172 A, Surabaya', '', '', '', '0', '81917901777', '', '', '', '0', '', '0', '0', '0000-00-00 00:00:00'), ('296', '', 'Lim Ferry Kusmadi', '', 'ferry_0779@yahoo.com', 'A201150011', '', '', 'Klampis Jaya A-29 Surabaya', '', '', '', '0', '031 5991353', '', '', '', '0', '', '0', '0', '0000-00-00 00:00:00'), ('297', '', 'Fery Hartono', '', 'fery.hartono81@yahoo.com', 'A201150039', '', '', 'Bukit Palma C2/71 Pakal, Surabaya', '', '', '', '0', '81245126000', '', '', '', '0', '', '0', '0', '0000-00-00 00:00:00'), ('298', '', 'Finky Vinayta', '', 'finky.mimiaasya@yahoo.co.id', 'A101150335', '', '', 'Komp. DIG F-16 Kembangan, Jakarta Barat', '', '', '', '0', '81511307986', '', '', '', '0', '', '0', '0', '0000-00-00 00:00:00'), ('299', '', 'M. Wicaksono Hasdyani Putra', '', 'firasdianzelo@gmail.com', 'A301150093', '', '', 'Jl. Jendral Sudirman no.10 Selat Hilir, Kapuas, Kalimantan Tengah', '', '', '', '0', '89635674653', '', '', '', '0', '', '0', '0', '0000-00-00 00:00:00'), ('300', '', 'Muhammad Firdaus', '', 'firdauszizou8@gmail.com', 'A101150105', '', '', 'Ds. Pagerdawung RT03/02 Kendal', '', '', '', '0', '85641419787', '', '', '', '0', '', '0', '0', '0000-00-00 00:00:00'), ('301', '', 'Fita Candrasari', '', 'fita.candrasari@yahoo.com', 'A101150251', '', '', 'Gayungsari Barat 8-A/17, Surabaya', '', '', '', '0', '85232166577', '', '', '', '0', '', '0', '0', '0000-00-00 00:00:00'), ('302', '', 'Fitria Fatmawati', '', 'fitria_m2@yahoo.co.id', 'A101150295', '', '', 'Jl. Kenjeran no. 454 Mulyorejo, Surabaya', '', '', '', '0', '81515115515', '', '', '', '0', '', '0', '0', '0000-00-00 00:00:00'), ('303', '', 'Fonie Gondowidjojo', '', 'fonie99@gmail.com', 'A101150222', '', '', 'Sidorejo RT15/04 Krian, Sidoarjo', '', '', '', '0', '85730617888', '', '', '', '0', '', '0', '0', '0000-00-00 00:00:00');
INSERT INTO `users` VALUES ('304', '', 'Frangko Bayu Aji, S SOS', '', 'frangkobayu@gmail.com', 'A101150020', '', '', 'Pondok Jati IIA-1/23 RT32/08 Pagerwojo, Buduran, Sidoarjo', '', '', '', '0', '031 8966423', '', '', '', '0', '', '0', '0', '0000-00-00 00:00:00'), ('305', '', 'Fredi Rahmanto', '', 'fredi.bankmandiri@gmail.com', 'A301150177', '', '', 'Sumput Asri blok M.15 Sumput, Driyorejo, Gresik', '', '', '', '0', '87851004442', '', '', '', '0', '', '0', '0', '0000-00-00 00:00:00'), ('306', '', 'Anjar Fredian', '', 'fredian27@gmail.com', 'A401150028', '', '', 'Mulyosari Tengah 6/26 Mulyorejo, Surabaya', '', '', '', '0', '', '', '', '', '0', '', '0', '0', '0000-00-00 00:00:00'), ('307', '', 'Fredy Teguh Prasetyo', '', 'fredyteguh2011@gmail.com', 'A301150156', '', '', 'Wisma Tengger 22/16 Kandangan, Benowo, Surabaya', '', '', '', '0', '81330218151', '', '', '', '0', '', '0', '6', '0000-00-00 00:00:00'), ('308', '', 'Frizia Trisan Laorenzia', '', 'frizia_san2_imoetz93@icloud.com', 'A401150091', '', '', 'Jl. Ploso Timur 3B no.99 Surabaya', '', '', '', '0', '85648377911', '', '', '', '0', '', '0', '0', '0000-00-00 00:00:00'), ('309', '', 'Fuji Hafidz Pramudia', '', 'fuji.pram@yahoo.com', 'A101150292', '', '', 'Komp. Puspiptek blok II-G/10 Setu, Tanggerang Selatan', '', '', '', '0', '81294044007', '', '', '', '0', '', '0', '0', '0000-00-00 00:00:00'), ('310', '', 'Galih Purnomo', '', 'galih.sihoen@yahoo.co.id', 'A101150196', '', '', 'Pedes RT02 Argomulyo, Sedayu, Bantul', '', '', '', '0', '85643439975', '', '', '', '0', '', '0', '0', '0000-00-00 00:00:00'), ('311', '', 'Galuh Adi Dharma', '', 'galuhadidharma@gmail.com', 'A101150126', '', '', 'Pakis Tirtosari 17/9 Surabaya', '', '', '', '0', '85732759614', '', '', '', '0', '', '0', '0', '0000-00-00 00:00:00'), ('312', '', 'Gavin Imanuel Siswadi', '', 'gavinimanuelsiswadi@gmail.com', 'A501150009', '', '', 'MNC Tower, 21st floor, Jl. Kebon Sirih Jakarta', '', '', '', '0', '81807450735', '', '', '', '0', '', '0', '4', '0000-00-00 00:00:00'), ('313', '', 'dr. Geoferdy', '', 'geoferdy_boriz_ji@yahoo.com', 'A301150035', '', '', 'Jl. Brigjend Katamso blok PVII no.3 Rewin, Waru, Sidoarjo', '', '', '', '0', '031 8557689', '', '', '', '0', '', '0', '0', '0000-00-00 00:00:00'), ('314', '', 'Gerald Octaviandry Hadiwirawan', '', 'geraldoctaviandry@yahoo.co.id', 'A401150005', '', '', 'Taman Puspa Raya C4/5 Citraland Surabaya', '', '', '', '0', '81803134867', '', '', '', '0', '', '0', '0', '0000-00-00 00:00:00'), ('315', '', 'Ghazali Ihsan', '', 'gihsan@yahoo.com', 'A101150119', '', '', 'Jl. Singgalang IV no.15 Karang Tengah, Tanggerang', '', '', '', '0', '8159966366', '', '', '', '0', '', '0', '0', '0000-00-00 00:00:00'), ('316', '', 'Gita Ong', '', 'gita.ong@hotmail.com', 'A201150009', '', '', 'Jl. Tambak Adi no 58 Surabaya', '', '', '', '0', '818599934', '', '', '', '0', '', '0', '0', '0000-00-00 00:00:00'), ('317', '', 'Bernardus Handoko', '', 'gto_ndoko@yahoo.com', 'A101150136', '', '', 'Griya Permata Hijau H-30 RT09/03 Candi, Sidoarjo', '', '', '', '0', '81331082369', '', '', '', '0', '', '0', '0', '0000-00-00 00:00:00'), ('318', '', 'Agus Yunif Anwaruddin', '', 'gusyunif@gmail.com', 'A201150092', '', '', 'Bumi Candi asri NI/20 Candi, Sidoarjo', '', '', '', '0', '031 8928432', '', '', '', '0', '', '0', '0', '0000-00-00 00:00:00'), ('319', '', 'Hari Wibowo', '', 'h.wibowo@garuda_indonesia.com', 'A301150016', '', '', 'Perum PD Jagung Timur 2-GS.16/09, Pondok Jagung, Serpong Utara, Tangerang', '', '', '', '0', '81316054518', '', '', '', '0', '', '0', '0', '0000-00-00 00:00:00'), ('320', '', 'Hadi Kartono', '', 'hadikartono@yahoo.com', 'A101150038', '', '', 'Kebon Kosong /16 Jakarta Pusat', '', '', '', '0', '811330927', '', '', '', '0', '', '0', '0', '0000-00-00 00:00:00'), ('321', '', 'Hamzah Mualim', '', 'hamzahmualim52@gmail.com', 'A201150197', '', '', 'Jl. Arjuno No.27 RT02/07 Batu', '', '', '', '0', '812525000', '', '', '', '0', '', '0', '0', '0000-00-00 00:00:00'), ('322', '', 'Hadi Dwi Cahyono', '', 'handi@atmi.co.id', 'A301150099', '', '', 'Temuireng RT02/04 Trengguli, Karanganyar, Jawa Tengah', '', '', '', '0', '', '', '', '', '0', '', '0', '0', '0000-00-00 00:00:00'), ('323', '', 'Handoko Sasongko', '', 'handoko2008@yahoo.co.id', 'A301150141', '', '', 'Sekardangan Indah D.16, Sidoarjo', '', '', '', '0', '8113601727', '', '', '', '0', '', '0', '0', '0000-00-00 00:00:00'), ('324', '', 'Mohammad Hanik Armanto', '', 'hanika_mr@yahoo.com', 'A101150178', '', '', 'Gebang Raya AJ-25 Sidoarjo', '', '', '', '0', '811376692', '', '', '', '0', '', '0', '0', '0000-00-00 00:00:00'), ('325', '', 'Handoko Koesoemo', '', 'hanskoe88@gmail.com', 'A101150034', '', '', 'Gili 5/8 Pabean Cantian, Surabaya', '', '', '', '0', '818920218', '', '', '', '0', '', '0', '0', '0000-00-00 00:00:00'), ('326', '', 'Happy', '', 'happy.sulistianto@gmail.com', 'A301150090', '', '', 'Jl. Candi Saptoargo no.10 Lowolwaru, Malang', '', '', '', '0', '8125256752', '', '', '', '0', '', '0', '0', '0000-00-00 00:00:00'), ('327', '', 'Happy Hariani', '', 'happyhariani76@gmail.com', 'A301150106', '', '', 'Jl. Manggis no.12 Taman, Sidoarjo', '', '', '', '0', '81249493943', '', '', '', '0', '', '0', '0', '0000-00-00 00:00:00'), ('328', '', 'Anggi Ayuningtyas Hapsari', '', 'hapsari.anggia@gmail.com', 'A401150024', '', '', 'Perum Kemiri Indah Jl. Teratai blok A5 no.06 Kemiri, Sidoarjo', '', '', '', '0', '8113667472', '', '', '', '0', '', '0', '0', '0000-00-00 00:00:00'), ('329', '', 'Harnoto', '', 'har_oto@ymail.com', 'A301150026', '', '', 'Griya Karawaci B6/2 Curug Tangerang', '', '', '', '0', '81310827538', '', '', '', '0', '', '0', '0', '0000-00-00 00:00:00'), ('330', '', 'Ika Heydi Meyliani', '', 'hardika_hardika@hotmail.com', 'A301150006', '', '', 'Apartemen Puncak Permai A/1839 Surabaya Barat', '', '', '', '0', '81703555779', '', '', '', '0', '', '0', '0', '0000-00-00 00:00:00'), ('331', '', 'Achdiat Hardy', '', 'hardyachdiat@gmail.com', 'A301150170', '', '', 'MT Haryono Gang PLN Alzen Resident blok J no.21 Balikpapan, Kalimantan Timur', '', '', '', '0', '81350203598', '', '', '', '0', '', '0', '0', '0000-00-00 00:00:00'), ('332', '', 'Hari  Tirtana', '', 'hari_tirtana@yahoo.com', 'A101150232', '', '', 'Jl. Perak Timur 542A Surabaya', '', '', '', '0', '81212719130', '', '', '', '0', '', '0', '12', '0000-00-00 00:00:00'), ('333', '', 'Hariyanto Sutrisno', '', 'hariyanto_sutrisno@yahoo.com', 'A301150168', '', '', 'Penjaringan Palm Indah V/8 NR.661 Penjaringansari, Rungkut, Surabaya', '', '', '', '0', '8123137159', '', '', '', '0', '', '0', '0', '0000-00-00 00:00:00'), ('334', '', 'Hary Yanto', '', 'hariyantondike@yahoo.com', 'A501150032', '', '', 'Kantor Badan Pemberdayaan Masyarakat Kampung Kab. Marauke, Jl. TMP Trikora Merauke Papua', '', '', '', '0', '82399291793', '', '', '', '0', '', '0', '0', '0000-00-00 00:00:00'), ('335', '', 'Wijanarko', '', 'harsonoputra@gmail.com', 'A301150186', '', '', 'Sukolilo Mulia 3 no.20 Perum SDR2 Keputih, Surabaya', '', '', '', '0', '81255098272', '', '', '', '0', '', '0', '0', '0000-00-00 00:00:00'), ('336', '', 'Hartanto, Drs Ec', '', 'hartanto.drs@gmail.com', 'A201150146', '', '', 'Delta Raya Selatan 20 Waru, Sidoarjo', '', '', '', '0', '81216982006', '', '', '', '0', '', '0', '0', '0000-00-00 00:00:00'), ('337', '', 'Hartono', '', 'hartono_milek75@yahoo.co.id', 'A101150004', '', '', 'Dusun Krajan Maron Kidul Kab. Probolinggo', '', '', '', '0', '81330633707', '', '', '', '0', '', '0', '0', '0000-00-00 00:00:00'), ('338', '', 'Nasriady (Hayani Manaf)', '', 'hayanimanaf@yahoo.com', 'A401150023', '', '', 'Jl. Pakis Tirtosari no.26 Sawahan, Surabaya', '', '', '', '0', '82244444922', '', '', '', '0', '', '0', '0', '0000-00-00 00:00:00'), ('339', '', 'Haydar', '', 'haydar_etire@yahoo.co.id', 'A201150112', '', '', 'Perum Istana Bedali Agung AB-04 Bedali, Lawang, Malang', '', '', '', '0', '81334273333', '', '', '', '0', '', '0', '0', '0000-00-00 00:00:00'), ('340', '', 'M. Rama Fathurahman SY', '', 'hdpatolog@gmail.com', 'A101150200', '', '', 'Jl. Siaga no.103 Damai BPPN Selatan, Balikpapan', '', '', '', '0', '81328578463', '', '', '', '0', '', '0', '0', '0000-00-00 00:00:00'), ('341', '', 'Sony Hendra Darmawan, S.SOS', '', 'hdsony12@gmail.com', 'A301150002', '', '', 'Jl. Cendrawasih Bunderan 115 Kepuh Kiriman, Waru, Sidoarjo', '', '', '', '0', '8113435491', '', '', '', '0', '', '0', '0', '0000-00-00 00:00:00'), ('342', '', 'Sandra Devi', '', 'hellokitty5178@gmail.com', 'A201150173', '', '', 'Karanglo Indah W11 RT 03/04 Balearjosari, Blimbing, Malang', '', '', '', '0', '81805112299', '', '', '', '0', '', '0', '0', '0000-00-00 00:00:00'), ('343', '', 'Hendra', '', 'hendra.cjntech@hotmail.com', 'A201150148', '', '', 'Jl. Raya Kalirungkut 23-25 blok A2 Komplek Ruko, Surabaya', '', '', '', '0', '8123533959', '', '', '', '0', '', '0', '0', '0000-00-00 00:00:00'), ('344', '', 'Hendra', '', 'hendra90999@yahoo.com', 'A101150316', '', '', 'Komp. P. Antasari RT02/05 Martapura, Banjar, Kalimantan Selatan', '', '', '', '0', '82149076888', '', '', '', '0', '', '0', '0', '0000-00-00 00:00:00'), ('345', '', 'Hendri Evan Setiawan', '', 'hendrievan88@yahoo.co.id', 'A301150033', '', '', 'Jl. Suropati 124 Pesanggrahan, Batu', '', '', '', '0', '81217299005', '', '', '', '0', '', '0', '0', '0000-00-00 00:00:00'), ('346', '', 'Loe', '', 'hendrytjand@gmail.com', 'A201150087', '', '', 'Griya Babatan Mukti V/42 D-46 Wiyung, Surabaya', '', '', '', '0', '82233443231', '', '', '', '0', '', '0', '0', '0000-00-00 00:00:00'), ('347', '', 'Henry Tjahjadi', '', 'henry@melody_id.com', 'A101150177', '', '', 'Jl. Dewandaru B-4 Lowokwaru, Malang', '', '', '', '0', '8113605323', '', '', '', '0', '', '0', '0', '0000-00-00 00:00:00'), ('348', '', 'Henry Wihardja', '', 'henrywihardjo@yahoo.com', 'A301150027', '', '', 'Darmo Permai Timur 2/20 Surabaya', '', '', '', '0', '83830043399', '', '', '', '0', '', '0', '0', '0000-00-00 00:00:00'), ('349', '', 'Drh. Heri Widiyanto', '', 'heriwid232@yahoo.co.id', 'A201150036', '', '', 'Jl. SP Harjono 22/Jl. Pramuka 22 Blitar', '', '', '', '0', '8123478755', '', '', '', '0', '', '0', '0', '0000-00-00 00:00:00'), ('350', '', 'Herman Heru Suprobo, SH', '', 'hermansuprobo@yahoo.co.id', 'A101150274', '', '', 'Jl. Bunga Mayang II/99 Pesanggrahan, Jakarta Selatan', '', '', '', '0', '811933852', '', '', '', '0', '', '0', '0', '0000-00-00 00:00:00'), ('351', '', 'Hermansyah', '', 'hermansyahhe@gmail.com', 'A201150014', '', '', 'Puri Indah K-37 Sidoarjo', '', '', '', '0', '031 8063916', '', '', '', '0', '', '0', '3', '0000-00-00 00:00:00'), ('352', '', 'Heru Purnomo', '', 'heru_dr63@yahoo.com', 'A101150057', '', '', 'Pucang Adi 74 Kertajaya, Surabaya', '', '', '', '0', '8123591418', '', '', '', '0', '', '0', '0', '0000-00-00 00:00:00'), ('353', '', 'Tio Hian Boen', '', 'hianboen.tio@sninetworkgroup.com', 'A401150077', '', '', 'Darmo Permai Utara 6/12 RT05/01 Surabaya', '', '', '', '0', '82333689721', '', '', '', '0', '', '0', '0', '0000-00-00 00:00:00'), ('354', '', 'Hot Asi', '', 'hotasi@arimbi.co.id', 'A501150006', '', '', 'Gading Serpong Sektor 7A DC 14/3 Gading Serpong, Kelapa Dua, Tangerang', '', '', '', '0', '8161953614', '', '', '', '0', '', '0', '0', '0000-00-00 00:00:00'), ('355', '', 'Nur Laili Isneni', '', 'hrd.outermp3@gmail.com', 'A401150018', '', '', 'Jl. Jagalan no. 67 Surabaya (CV ESIA INDORAYA)', '', '', '', '0', '89686777708', '', '', '', '0', '', '0', '0', '0000-00-00 00:00:00'), ('356', '', 'Diyani Atikasari', '', 'hrd@ibisstyles-surabaya-jemursari.com', 'A401150069', '', '', 'Jl. Delima IV/09 Taman, Sidoarjo', '', '', '', '0', '81217723314', '', '', '', '0', '', '0', '0', '0000-00-00 00:00:00'), ('357', '', 'Yazidul Huda', '', 'hudadebono@gmail.com', 'A101150214', '', '', 'DS. Bono Kec. Boyolangu RT 03/02 Tulungagung', '', '', '', '0', '82245600309', '', '', '', '0', '', '0', '0', '0000-00-00 00:00:00'), ('358', '', 'Ripin Tjioe', '', 'husada@hotmail.com', 'A201150210', '', '', 'Kalijudan Regency 22 RT06/03 Surabaya', '', '', '', '0', '81331948617', '', '', '', '0', '', '0', '0', '0000-00-00 00:00:00'), ('359', '', 'Muhammad Husni Fahmi', '', 'husni_fahmi99@yahoo.com', 'A101150254', '', '', 'Jl. Krakatau I blok AC 2 no.11 Komp SBS, Bekasi Utara', '', '', '', '0', '8170087000', '', '', '', '0', '', '0', '0', '0000-00-00 00:00:00'), ('360', '', 'Irfan Dwi Cahyanto, SIP', '', 'i_bip@yahoo.co.id', 'A101150047', '', '', 'Kauman 5/32 Prajurit Kulon, Mojokerto', '', '', '', '0', '81390030066', '', '', '', '0', '', '0', '0', '0000-00-00 00:00:00'), ('361', '', 'Rita Dewi', '', 'ic.fitness@yahoo.com', 'A401150074', '', '', 'Ruko Taman Puspa Raya Blok B No.22 Citraland Surabaya', '', '', '', '0', '83877272565', '', '', '', '0', '', '0', '0', '0000-00-00 00:00:00'), ('362', '', 'Anisa Putri Badlyani', '', 'icha.invio@gmail.com', 'A101150193', '', '', 'PD. Ungu Permai Blok AU 2 No.3A Bekasi', '', '', '', '0', '8568834977', '', '', '', '0', '', '0', '0', '0000-00-00 00:00:00'), ('363', '', 'Benny Dwiyanto Kristian', '', 'icrifc@yahoo.com', 'A201150232', '', '', 'TK. Lancar, Jl Kelimutu no.7 Ende, Nusa Tenggara Timur ', '', '', '', '0', '81237714888', '', '', '', '0', '', '0', '0', '0000-00-00 00:00:00'), ('364', '', 'Icun Sundoro', '', 'icun_sundoro@yahoo.com', 'A301150075', '', '', 'Jemursari Selatan 3/30 Wonocolo, Surabaya', '', '', '', '0', '8123215878', '', '', '', '0', '', '0', '0', '0000-00-00 00:00:00'), ('365', '', 'Ida Fitri Rahaju', '', 'idadanamasa@yahoo.co.id', 'A101150006', '', '', 'Jl. Nusasari III No.8 Taman Citeureup, Cimahi Utara, Cimahi', '', '', '', '0', '8122026033', '', '', '', '0', '', '0', '0', '0000-00-00 00:00:00'), ('366', '', 'Ir. Iswantoro', '', 'idayazid65@gmail.com', 'A301150142', '', '', 'Jl. Arun IX no.19 Ujung Menteng. Cakung, Jakarta Timur', '', '', '', '0', '81332525500', '', '', '', '0', '', '0', '0', '0000-00-00 00:00:00'), ('367', '', 'Idham Walad Nuransah', '', 'idham.walad@gmail.com', 'A301150011', '', '', 'Sentro Baru Utara 9/39 Tambak Sari, Surabaya', '', '', '', '0', '82140926655', '', '', '', '0', '', '0', '0', '0000-00-00 00:00:00'), ('368', '', 'Ifaiqotul Hima', '', 'ifaiqotulhima@yahoo.co.id', 'A101150019', '', '', 'Jl. Hasan Wasi 1/7 RT03/05 Kepuh Kiriman, waru, Sidoarjo', '', '', '', '0', '81232691800', '', '', '', '0', '', '0', '0', '0000-00-00 00:00:00'), ('369', '', 'Novan Fredika Anggara', '', 'iinindra.auto2000@gmail.com', 'A401150013', '', '', 'Dusun II RT14/04 Jiwan, Madiun', '', '', '', '0', '82231227484', '', '', '', '0', '', '0', '0', '0000-00-00 00:00:00'), ('370', '', 'Iin Zuhrini', '', 'iinzuhrini@gmail.com', 'A401150064', '', '', 'Rungkut Barata XX No.8 Rungkut, Surabaya', '', '', '', '0', '81330785290', '', '', '', '0', '', '0', '0', '0000-00-00 00:00:00'), ('371', '', 'Ika Mey Liana', '', 'ika_meyliana@yahoo.com', 'A101150315', '', '', 'Golf 6/30 RT03/04 Surabaya', '', '', '', '0', '82139776803', '', '', '', '0', '', '0', '0', '0000-00-00 00:00:00'), ('372', '', 'Ika Triyantini, ST', '', 'ika_triyantini@yahoo.com', 'A401150045', '', '', 'Jl. Raya Suko no.32 Sidoarjo', '', '', '', '0', '811378557', '', '', '', '0', '', '0', '0', '0000-00-00 00:00:00'), ('373', '', 'I Ketut Agus Sanjaya', '', 'iketutagussanjaya@gmail.com', 'A101150116', '', '', 'PRM Graha Soputan no 7A DPS BR/ Link. Abian Timbul, Denpasar Barat', '', '', '', '0', '8,12349E+11', '', '', '', '0', '', '0', '0', '0000-00-00 00:00:00'), ('374', '', 'Ikmal almighty, ST', '', 'ikmal_almighty@yahoo.com', 'A301150134', '', '', 'Karangasem 5-C/15-A Tambaksari, Surabaya', '', '', '', '0', '8123175063', '', '', '', '0', '', '0', '0', '0000-00-00 00:00:00'), ('375', '', 'Ilham Kurnia', '', 'ilhamkurnia29@yahoo.co.id', 'A101150091', '', '', 'Nginden 6-B/16 Surabaya', '', '', '', '0', '81232967773', '', '', '', '0', '', '0', '0', '0000-00-00 00:00:00'), ('376', '', 'Syaimah Naufal Abdad', '', 'imahniih@gmail.com', 'A101150054', '', '', 'Jl Simp. Kawi 43F Klojen, Malang', '', '', '', '0', '81805013825', '', '', '', '0', '', '0', '0', '0000-00-00 00:00:00'), ('377', '', 'Imam / Hj Sri Lestari', '', 'inas.srilestari@gmail.com', 'A101150231', '', '', 'Perum ABR D-5 no.07 Kembangan, Surabaya', '', '', '', '0', '81332422833', '', '', '', '0', '', '0', '0', '0000-00-00 00:00:00'), ('378', '', 'Inawati', '', 'inawatimeme@yahoo.co.id', 'A101150018', '', '', 'Jl. Sastrodipuran 11 RT 12/03 Ngupasan, Gondomanan, Yogyakarta', '', '', '', '0', '8122719722', '', '', '', '0', '', '0', '0', '0000-00-00 00:00:00'), ('379', '', 'Indra Sakti', '', 'indrasakti_67@yahoo.com', 'A201150216', '', '', 'Jl. Taman Maluku no.44 RT02/06 Karangtempel, Semarang Timur', '', '', '', '0', '818293736', '', '', '', '0', '', '0', '0', '0000-00-00 00:00:00'), ('380', '', 'Indrawan', '', 'indrawansn78@yahoo.com', 'A101150359', '', '', 'Jl. Hasanudin no.89 Singaraja, Buleleng, Bali', '', '', '', '0', '8179747997', '', '', '', '0', '', '0', '0', '0000-00-00 00:00:00'), ('381', '', 'Rudi Cahyono', '', 'info@artakarya.com', 'A401150056', '', '', 'Darmo Permai Selatan 17/14 Dukuh Pakis, Surabaya', '', '', '', '0', '81703805805', '', '', '', '0', '', '0', '9', '0000-00-00 00:00:00'), ('382', '', 'Suhartatik', '', 'info@reveracademy.com', 'A201150069', '', '', 'Jl. Pahlawan no.70 Gedangan Sidoarjo', '', '', '', '0', '81357906999', '', '', '', '0', '', '0', '3', '0000-00-00 00:00:00'), ('383', '', 'Indrawati', '', 'ing02indra@yahoo.com', 'A301150171', '', '', 'Mulyosari Prima I/33 Kalisari, Mulyorejo, Surabaya', '', '', '', '0', '8563096788', '', '', '', '0', '', '0', '0', '0000-00-00 00:00:00'), ('384', '', 'Ira Destiana', '', 'ira.destiana@gmail.com', 'A101150305', '', '', 'Kp. Jambu Lebak RT03/04 Sukaraja, Bogor', '', '', '', '0', '8561365523', '', '', '', '0', '', '0', '0', '0000-00-00 00:00:00'), ('385', '', 'Irene Monica F. B.', '', 'irenemfb@gmail.com', 'A201150068', '', '', 'Wisma Lidah Kulon C-79 Lakarsantri, Surabaya', '', '', '', '0', '8113344745', '', '', '', '0', '', '0', '0', '0000-00-00 00:00:00'), ('386', '', 'Iriawati', '', 'iriawatisusanto@gmail.com', 'A101150229', '', '', 'Pondok Jati BH-10 Sidoarjo', '', '', '', '0', '8123517760', '', '', '', '0', '', '0', '0', '0000-00-00 00:00:00'), ('387', '', 'Atok Anshori', '', 'irohsna_81@yahoo.com', 'A201150177', '', '', 'Perum Sidorukun Indah Jl. Bangka B-2 Gresik', '', '', '', '0', '81319402959', '', '', '', '0', '', '0', '0', '0000-00-00 00:00:00'), ('388', '', 'Irvan Hartono', '', 'irvan.hartono@leve.com', 'A201150126', '', '', 'Taman Dieng IV/5 Malang', '', '', '', '0', '', '', '', '', '0', '', '0', '0', '0000-00-00 00:00:00'), ('389', '', 'Soetoyo Isa', '', 'isa.soetoyo@gmail.com', 'A301150132', '', '', 'Bukit Permata Sukodono blok F/10 Sidoarjo', '', '', '', '0', '82257328782', '', '', '', '0', '', '0', '0', '0000-00-00 00:00:00'), ('390', '', 'Ismail Awaludin', '', 'ismail.awaludin@gmail.com', 'A301150117', '', '', 'Carangan RT01/08 Baluwarti, Pasarkliwon, Surakarta', '', '', '', '0', '81314191219', '', '', '', '0', '', '0', '0', '0000-00-00 00:00:00'), ('391', '', 'Roni Ismail', '', 'ismail.roni@yahoo.com', 'A301150041', '', '', 'Pantai Mentari blok RC-03 Kenjeran, Bulak, Surabaya', '', '', '', '0', '811374698', '', '', '', '0', '', '0', '0', '0000-00-00 00:00:00'), ('392', '', 'Isna Fatriani', '', 'isnafatriani@gmail.com', 'A101150190', '', '', 'PD Benda Indah blok T/02 Tanggerang', '', '', '', '0', '82244144009', '', '', '', '0', '', '0', '0', '0000-00-00 00:00:00'), ('393', '', 'Tonny Isprijanto', '', 'isprijanto.101965@gmail.com', 'A201150034', '', '', 'Jl. Wisma Tengger 9/3 Benowo, Surabaya', '', '', '', '0', '85649555666', '', '', '', '0', '', '0', '3', '0000-00-00 00:00:00'), ('394', '', 'Moch. Istifa', '', 'istifaakoh@yahoo.com', 'A301150128', '', '', 'Kromasan Rt16/05 Bandosari, Kediri', '', '', '', '0', '82377077707', '', '', '', '0', '', '0', '0', '0000-00-00 00:00:00'), ('395', '', 'Iswahyanto Tri Susetyo', '', 'isusetyo@gmail.com', 'A101150086', '', '', 'Jl. Banurejo B-15 Kepanjen, Malang', '', '', '', '0', '81334406775', '', '', '', '0', '', '0', '0', '0000-00-00 00:00:00'), ('396', '', 'Ita Sapta Puspita Sari', '', 'ita.spss7@gmail.com', 'A101150236', '', '', 'Jl. Taman Timur no.18 Taman, Sidoarjo', '', '', '', '0', '81231313836', '', '', '', '0', '', '0', '0', '0000-00-00 00:00:00'), ('397', '', 'Ivan Hatami, ST', '', 'ivan_haturi@yahoo.com', 'A101150102', '', '', 'Jemursari Timur IV blok JJ/23 Wonocolo, Surabaya', '', '', '', '0', '8113176897', '', '', '', '0', '', '0', '0', '0000-00-00 00:00:00'), ('398', '', 'Ivana Ratih', '', 'ivanaratih26@gmail.com', 'A201150202', '', '', '', '', '', '', '0', '81913009899', '', '', '', '0', '', '0', '0', '0000-00-00 00:00:00'), ('399', '', 'Lilyana Ivonne Sukma, SH', '', 'ivonne_sukma@yahoo.com', 'A101150046', '', '', 'Jatibening Permai Jl. Melati blok A no.124 Pondokgede, Bekasi', '', '', '', '0', '811134367', '', '', '', '0', '', '0', '0', '0000-00-00 00:00:00'), ('400', '', 'Afrita Kishariadini', '', 'iwanwahyu26@yahoo.com', 'A101150179', '', '', 'Jl. Matoa IV No.5 Karangasem Laweyan, Surakarta', '', '', '', '0', '81229190000', '', '', '', '0', '', '0', '0', '0000-00-00 00:00:00'), ('401', '', 'Iwhan Tri Cahyono', '', 'iwhant@gudanggaramtbk.com', 'A301150187', '', '', 'Wisata Kuwak Utara C-7 Ngadirejo, Kediri', '', '', '', '0', '8123034099', '', '', '', '0', '', '0', '0', '0000-00-00 00:00:00'), ('402', '', 'Iya Yaumil Hakim', '', 'iya.yaumil.hakim@gmail.com', 'A101150148', '', '', 'Pemancingan no.91 Kembangan, Jakarta Barat', '', '', '', '0', '85213772270', '', '', '', '0', '', '0', '0', '0000-00-00 00:00:00'), ('403', '', 'Johannes Ongkowijaja', '', 'j.ongkowijaya@gmail.com', 'A101150369', '', '', 'Wiguna Selatan Gg.14 no.7 Surabaya', '', '', '', '0', '8165400321', '', '', '', '0', '', '0', '0', '0000-00-00 00:00:00'), ('404', '', 'Wahyudi Jemmy', '', 'J3_bond@yahoo.com', 'A201150051', '', '', 'Jl. Patemon I/70A Sawahan, Surabaya', '', '', '', '0', '81233332319', '', '', '', '0', '', '0', '0', '0000-00-00 00:00:00'), ('405', '', 'Jamal Ilham', '', 'jamalilham@yahoo.com', 'A201150144', '', '', 'Amir Mahmud Puri Citra Rungkut C-2 Surabaya', '', '', '', '0', '8113325325', '', '', '', '0', '', '0', '0', '0000-00-00 00:00:00'), ('406', '', 'Jamillah Erowati', '', 'jamillah.erowati@gmail.com', 'A201150198', '', '', 'Bulaksari 5/7 RT05/06 Semampir, Surabaya', '', '', '', '0', '81327911627', '', '', '', '0', '', '0', '0', '0000-00-00 00:00:00'), ('407', '', 'Andi Susanto', '', 'jaya.abadi1999@yahoo.co.id', 'A201150230', '', '', 'Jl. Kartini no.206 DPS Wanasari, Dauh Puri Kaja, Denpasar Utara', '', '', '', '0', '8,57921E+11', '', '', '', '0', '', '0', '0', '0000-00-00 00:00:00'), ('408', '', 'Jemmy Handyono', '', 'jemmyhandyono@gmail.com', 'A101150075', '', '', 'Nandan griya Idaman no 71 Sleman, Yogyakarta', '', '', '', '0', '85230028616', '', '', '', '0', '', '0', '0', '0000-00-00 00:00:00'), ('409', '', 'Jendy Dwi Mulyadi', '', 'jendy_you@yahoo.com', 'A401150106', '', '', 'Jl. Manyar Kartika III/47 Surabaya', '', '', '', '0', '816525699', '', '', '', '0', '', '0', '0', '0000-00-00 00:00:00'), ('410', '', 'Jimmy Subagiyo', '', 'jisuba@y7mail.com', 'A101150065', '', '', 'Jl Mastrip no.5 Lumajang', '', '', '', '0', '82141617887', '', '', '', '0', '', '0', '0', '0000-00-00 00:00:00'), ('411', '', 'Johannes Adhinata', '', 'joejhon.ndut@gmail.com', 'A101150371', '', '', 'Jl. KHR Asnawi no.310 Kudus 59332', '', '', '', '0', '87831351928', '', '', '', '0', '', '0', '0', '0000-00-00 00:00:00'), ('412', '', 'Phan Johan Pandawinata', '', 'johanpandawinata@yahoo.com', 'A101150370', '', '', 'Jl. Gading Kirana Barat IV, Blok F5 no.14, Kelapa Gading, Jakarta Utara', '', '', '', '0', '8161987219', '', '', '', '0', '', '0', '0', '0000-00-00 00:00:00'), ('413', '', 'Yahya Prasetiyo', '', 'johansulistiyo@yahoo.com', 'A201150064', '', '', 'Garuda 143 Sedati, Sidoarjo', '', '', '', '0', '81216801188', '', '', '', '0', '', '0', '0', '0000-00-00 00:00:00'), ('414', '', 'John Rifer', '', 'john_rifer@yahoo.com', 'A501150034', '', '', 'Jl. Kenari AE 6/3 Pamulang Barat, Pamulang, Tangerang Selatan', '', '', '', '0', '81212925199', '', '', '', '0', '', '0', '4', '0000-00-00 00:00:00'), ('415', '', 'Jo Pau Yu', '', 'jojulia777@yahoo.com', 'A101150215', '', '', 'Kalisari 2/16 Genteng, Surabaya', '', '', '', '0', '8123570777', '', '', '', '0', '', '0', '0', '0000-00-00 00:00:00'), ('416', '', 'Jong Andi Triyono', '', 'jongandi@gmail.com', 'A301150036', '', '', 'Gununganyar Emas A2/07 Gununganyar, Surabaya', '', '', '', '0', '81703697482', '', '', '', '0', '', '0', '0', '0000-00-00 00:00:00'), ('417', '', 'Ainul Yaqin', '', 'jonudamn@gmail.com', 'A101150338', '', '', 'Jl. Gajah Mada No 132 RT02/06 Rambipuji, Jember', '', '', '', '0', '8995027741', '', '', '', '0', '', '0', '0', '0000-00-00 00:00:00'), ('418', '', 'Srijanti', '', 'joycedeasyana@gmail.com', 'A101150357', '', '', 'Jl. Adityawarman 37 RT01/08 Kepanjen, Jombang', '', '', '', '0', '0321 861006', '', '', '', '0', '', '0', '0', '0000-00-00 00:00:00'), ('419', '', 'Hartono Wijoyo', '', 'joyjoker@yahoo.fr', 'A201150089', '', '', 'Dusun Cowek RT20/09 Prigen, Pasuruan', '', '', '', '0', '82232966373', '', '', '', '0', '', '0', '0', '0000-00-00 00:00:00'), ('420', '', 'Julia Cynthia Furi', '', 'julia.cynthiafuri@gmail.com', 'A101150014', '', '', 'Kp Sudimampir RT 01/04 Bojong Gede, Bogor', '', '', '', '0', '8569837203', '', '', '', '0', '', '0', '0', '0000-00-00 00:00:00'), ('421', '', 'Julia Setiawan', '', 'julia_setiawan@yahoo.com', 'A401150034', '', '', 'Jl. Nginden Intan Tengah E4/9 Sukolilo, Surabaya', '', '', '', '0', '82231022766', '', '', '', '0', '', '0', '0', '0000-00-00 00:00:00'), ('422', '', 'Juli Anggraeny, SE', '', 'juliangg79@gmail.com', 'A101150199', '', '', 'Simo Kalangan 1/264-B Sukomanunggal, Surabaya', '', '', '', '0', '87852711363', '', '', '', '0', '', '0', '0', '0000-00-00 00:00:00'), ('423', '', 'Junaidi Giantoro', '', 'junaidigiantoro@gmail.com', 'A301150021', '', '', 'Kedungsroko no.87A Tambaksari, Surabaya', '', '', '', '0', '', '', '', '', '0', '', '0', '0', '0000-00-00 00:00:00'), ('424', '', 'Jumny Gozali', '', 'junny@smx_corp.com', 'A301150190', '', '', 'Jl. Raya Dukuh Kupang 68, Dukuh Pakis, Surabaya', '', '', '', '0', '', '', '', '', '0', '', '0', '0', '0000-00-00 00:00:00'), ('425', '', 'Muhammad Haydzir Maya Saputro', '', 'juraganmentho@yahoo.com', 'A101150109', '', '', 'Kestalan RT05/01 Teras, Boyolali', '', '', '', '0', '82136267827', '', '', '', '0', '', '0', '0', '0000-00-00 00:00:00'), ('426', '', 'Akhmad Kahfi Firmansyah', '', 'kahfifirmansyah@gmail.com', 'A301150008', '', '', 'Jl. Cisedane C-10 Tembokrejo, Purworejo, Pasuruan', '', '', '', '0', '85649316867', '', '', '', '0', '', '0', '0', '0000-00-00 00:00:00'), ('427', '', 'Zainal Arifin', '', 'kal_kalmas@ymail.com', 'A101150023', '', '', 'Kalijudan 92 blk Mulyorejo, Surabaya', '', '', '', '0', '91330515065', '', '', '', '0', '', '0', '0', '0000-00-00 00:00:00'), ('428', '', 'Sri Pebertini Dwi', '', 'kaniawputri@gmail.com', 'A501150007', '', '', 'Jl. Siak 11 RT07/03 Gambir, Jakarta Pusat', '', '', '', '0', '81585588849', '', '', '', '0', '', '0', '40', '0000-00-00 00:00:00'), ('429', '', 'Karnaji, S.SOS, M.SI', '', 'karnaji@fisipua.co.id', 'A101150211', '', '', 'Wisata bukit Mas II/2 OK A-22 Lakarsantri Surabaya', '', '', '', '0', '8123564069', '', '', '', '0', '', '0', '0', '0000-00-00 00:00:00'), ('430', '', 'Hutomo Raharjo Tanaya', '', 'kartikatani1987@gmail.com', 'A101150098', '', '', 'Gubeng Kertajaya 5-C/16 Surabaya', '', '', '', '0', '87854100188', '', '', '', '0', '', '0', '0', '0000-00-00 00:00:00'), ('431', '', 'Primadita Kely Adiarti', '', 'kelyprimadita@gmail.com', 'A101150166', '', '', 'Pantai Mentari blok CC/9 Bulak, Surabaya', '', '', '', '0', '82230008381', '', '', '', '0', '', '0', '0', '0000-00-00 00:00:00'), ('432', '', 'Andy Zairi ', '', 'kengtin53@hotmail.com', 'A501150022', '', '', 'Kebun Kacang 37 no.1 Tanah Abang, Jakarta Pusat', '', '', '', '0', '81330577088', '', '', '', '0', '', '0', '0', '0000-00-00 00:00:00'), ('433', '', 'Erwan Hertanto', '', 'kewink_am@yahoo.com', 'A101150095', '', '', 'Sindang Sari no.25 Kebon Kelapa, Bogor', '', '', '', '0', '8113693587', '', '', '', '0', '', '0', '0', '0000-00-00 00:00:00'), ('434', '', 'Sakinah, DR', '', 'kinss.dr@gmail.com', 'A101150343', '', '', 'Jl. Tenggiri 571-C Bangil, Pasuruan', '', '', '', '0', '8123144213', '', '', '', '0', '', '0', '0', '0000-00-00 00:00:00'), ('435', '', 'Adi Febrianto', '', 'kopijawanet@gmail.com', 'A201150160', '', '', 'Kedungasem II/6 Rungkut, Surabaya', '', '', '', '0', '', '', '', '', '0', '', '0', '0', '0000-00-00 00:00:00'), ('436', '', 'Tomy Tri Apriliyanto', '', 'kopitomy82@yahoo.com', 'A101150052', '', '', 'Perum Taman Anggun Sejahtera blok B-8 no.19 Jambangan, Candi, Sidoarjo', '', '', '', '0', '85648189799', '', '', '', '0', '', '0', '0', '0000-00-00 00:00:00'), ('437', '', 'Wijono Santoso', '', 'kowie61@yahoo.co.id', 'A101150361', '', '', 'Kutisari Indah Selatan I/61 Tenggilis Mejoyo, Surabaya', '', '', '', '0', '8155226162', '', '', '', '0', '', '0', '2', '0000-00-00 00:00:00'), ('438', '', 'Yuyun Kristina Kusumadewi', '', 'kristinaezex@yahoo.com', 'A101150035', '', '', 'Setro Baru 11/44 Tambak Sari, Surabaya', '', '', '', '0', '8113395830', '', '', '', '0', '', '0', '0', '0000-00-00 00:00:00'), ('439', '', 'Tjahjono Sutjipto', '', 'kudewi@gmail.com', 'A401150102', '', '', 'Letjen Suprapto 154-156 Probolinggo 67217', '', '', '', '0', '811370867', '', '', '', '0', '', '0', '0', '0000-00-00 00:00:00'), ('440', '', 'Kuntoyo', '', 'kun.toyo.kt@gmail.com', 'A201150049', '', '', 'Kuta Paradise V/G7 no.33 Purimas Surabaya', '', '', '', '0', '', '', '', '', '0', '', '0', '0', '0000-00-00 00:00:00'), ('441', '', 'Muchammad Rusdiono', '', 'lala.dimyati@gmail.com', 'A201150171', '', '', 'Jl. Surakarta II/8 Manyar, Gresik', '', '', '', '0', '817377174', '', '', '', '0', '', '0', '0', '0000-00-00 00:00:00'), ('442', '', 'Sugihalam', '', 'lame_nature@gmail.com', 'A201150046', '', '', 'Kalirungkut 45B Ruko Merdeka Motor, Rungkut, Surabaya', '', '', '', '0', '83830089976', '', '', '', '0', '', '0', '0', '0000-00-00 00:00:00'), ('443', '', 'Elisabeth Lewi Santoso', '', 'lavitzz@yahoo.com', 'A301150137', '', '', 'Bukit Palma Blok AA-1/8 Babat Jerawat, Pakal, Surabaya', '', '', '', '0', '811340876', '', '', '', '0', '', '0', '0', '0000-00-00 00:00:00'), ('444', '', 'Leliyana', '', 'leliyana409@yahoo.com', 'A401150015a', '', '', 'Wringinpitu RT01/02 Bakalan, Balongnemdo, Sidoarjo', '', '', '', '0', '85331471029', '', '', '', '0', '', '0', '0', '0000-00-00 00:00:00'), ('445', '', 'Lena Hartatik', '', 'lena_hartatik@app.co.id', 'A201150079', '', '', '', '', '', '', '0', '8123521818', '', '', '', '0', '', '0', '0', '0000-00-00 00:00:00'), ('446', '', 'Liem Lenny Widiawati', '', 'lenny.3fera@yahoo.com', 'A301150069', '', '', 'Jl. Darmo Baru Timur 4/12 Sukomanunggal, Surabaya', '', '', '', '0', '82323661888', '', '', '', '0', '', '0', '0', '0000-00-00 00:00:00'), ('447', '', 'Alimoses Leonardo S Sagala', '', 'leosagala@gmail.com', 'A401150072', '', '', 'Griya Kebraon Tengah Blok R-22 Rt 02/11 Kebraon, KarangPilang, Surabaya', '', '', '', '0', '816526402', '', '', '', '0', '', '0', '0', '0000-00-00 00:00:00'), ('448', '', 'Laila Fawzia', '', 'lfavw2ya@yahoo.com', 'A101150118', '', '', 'Jl. Rambutan no.18 Pasar Minggu, Jakarta Selatan', '', '', '', '0', '8121092274', '', '', '', '0', '', '0', '0', '0000-00-00 00:00:00'), ('449', '', 'Jumarsono', '', 'li_sa06@yahoo.com', 'A101150073', '', '', 'Bendul Merisi Permai blk Q15, Surabaya', '', '', '', '0', '816512774', '', '', '', '0', '', '0', '0', '0000-00-00 00:00:00'), ('450', '', 'Lie Andy Moelyono', '', 'lieandy26@yahoo.com', 'A401150073', '', '', 'Jl. H.Saaba (Komp. Unilever) Blok A5 no.11 Meruya Selatan, Kembangan, Jakarta Barat', '', '', '', '0', '81807229900', '', '', '', '0', '', '0', '0', '0000-00-00 00:00:00'), ('451', '', 'Ita Esterlita Rumengan', '', 'lieta_1979@yahoo.com', 'A301150034', '', '', 'Baruk Utara 8/17 Kedungbaruk, Rungkut, Surabaya', '', '', '', '0', '85940420099', '', '', '', '0', '', '0', '0', '0000-00-00 00:00:00'), ('452', '', 'Like Raskova Octaberlina', '', 'like_raskova@yahoo.com', 'A101150225', '', '', 'Jl. Kembang Sepatu n0.1-A Lowokwaru, Malang', '', '', '', '0', '81233233144', '', '', '', '0', '', '0', '0', '0000-00-00 00:00:00'), ('453', '', 'Filipus Arief Kusgiyono', '', 'lilymarce999@gmail.com', 'A201150015', '', '', 'Sutorejo Utara 8 No 13-15 Mulyorejo, Surabaya', '', '', '', '0', '82225256454', '', '', '', '0', '', '0', '0', '0000-00-00 00:00:00'), ('454', '', 'Yuni', '', 'limyuni3007@yahoo.com', 'A201150204', '', '', 'Kalijudan Indah Blok U-6 Kalijudan, Mulyorejo, Surabaya', '', '', '', '0', '83873899999', '', '', '', '0', '', '0', '0', '0000-00-00 00:00:00'), ('455', '', 'Lina Ningsih', '', 'linaabun@ymail.com', 'A101150141', '', '', 'Komp. Mediterani Blok S1-10 Balikpapan', '', '', '', '0', '8981722834', '', '', '', '0', '', '0', '0', '0000-00-00 00:00:00'), ('456', '', 'Linggasari', '', 'linggasari06@yahoo.co.id', 'A201150041', '', '', 'Simo Sidomulyo Baru 41, Petemon Sawah, Surabaya', '', '', '', '0', '8123109909', '', '', '', '0', '', '0', '6', '0000-00-00 00:00:00'), ('457', '', 'Merlin Mulia', '', 'linzlee88@gmail.com', 'A501150016', '', '', 'Jl. Petak Serani 2 no.25D Tanah Sereal, Tambora, Jakarta Barat, 11210', '', '', '', '0', '81294113575', '', '', '', '0', '', '0', '4', '0000-00-00 00:00:00'), ('458', '', 'David Adrian Febrianto', '', 'ljming_85@yahoo.com', 'A301150024', '', '', 'Semolowaru Elok blok AB-44 Semolowaru, Sukolilo, Surabaya', '', '', '', '0', '8121716555', '', '', '', '0', '', '0', '0', '0000-00-00 00:00:00'), ('459', '', 'Lolita Dinda', '', 'lolieta.dinda.dara@gmail.com', 'A401150043', '', '', 'Lidah Wetan Gg5 no.102 Rungkut, Surabaya Barat', '', '', '', '0', '85958915627', '', '', '', '0', '', '0', '0', '0000-00-00 00:00:00'), ('460', '', 'Shinta Puspitasari', '', 'loliloli_siip@yahoo.com', 'A201150163', '', '', 'Jl. Balap Sepeda II/48 Pulogadung, Jakarta', '', '', '', '0', '021 4721286', '', '', '', '0', '', '0', '3', '0000-00-00 00:00:00'), ('461', '', 'Agoeng Poerbokoesoemo', '', 'luciaratnadewi@gmail.com', 'A301150208', '', '', 'Jl. Demak 331-333 Surabaya', '', '', '', '0', '8121649737', '', '', '', '0', '', '0', '0', '0000-00-00 00:00:00'), ('462', '', 'Luciana Kristanto', '', 'lucky@petra.ae.id', 'A101150308', '', '', 'Jl. Manggis XI/M-791 PCI Waru, Sidoarjo', '', '', '', '0', '81515577155', '', '', '', '0', '', '0', '0', '0000-00-00 00:00:00'), ('463', '', 'Lukas Cahyabuana Wibowo', '', 'lukas.cahya@gmail.com', 'A201150106', '', '', 'Griya Karangjati Permai 35, Pandaan', '', '', '', '0', '0343 635935', '', '', '', '0', '', '0', '0', '0000-00-00 00:00:00'), ('464', '', 'Dian Lestari', '', 'lukitoastono@yahoo.com', 'A301150172', '', '', 'Lebak Indah Regency B-39 Dukuh Setro, Tambak Sari, Surabaya', '', '', '', '0', '818333516', '', '', '', '0', '', '0', '0', '0000-00-00 00:00:00'), ('465', '', 'Luky Angdrijono', '', 'luky_ang@yahoo.com', 'A101150224', '', '', 'Manyar Tirtomoyo 3/14 Sukolilo, Surabaya', '', '', '', '0', '818312608', '', '', '', '0', '', '0', '0', '0000-00-00 00:00:00'), ('466', '', 'Luluk Shofyaningsih', '', 'luluk.shofyaningsih@bni.co.id', 'A201150153', '', '', 'Gresik Regency blok D-3 RT 17/05 Sukomulyo, Gresik', '', '', '', '0', '811324487', '', '', '', '0', '', '0', '0', '0000-00-00 00:00:00'), ('467', '', 'Luluk Uswatun Hasanah', '', 'luluk.uswatun@yahoo.com', 'A101150147', '', '', 'Dusun Krajan RT05/01 Banyuanyar, Probolinggo', '', '', '', '0', '81335124280', '', '', '', '0', '', '0', '0', '0000-00-00 00:00:00'), ('468', '', 'Tjioe Willy Agus', '', 'lwa670801@gmail.com', 'A301150084', '', '', 'Griya Babat Mukti N-115 Wiyung, Surabaya', '', '', '', '0', '', '', '', '', '0', '', '0', '0', '0000-00-00 00:00:00'), ('469', '', 'Lyna Melyana', '', 'lyna_melyana@yahoo.com', 'A301150066', '', '', 'Jl. Panglima Sudirman no.120 Tuban', '', '', '', '0', '8123566639', '', '', '', '0', '', '0', '3', '0000-00-00 00:00:00'), ('470', '', 'Kasihanto', '', 'lyna_melyana39@yahoo.com', 'A301150067', '', '', 'Jl. P. Sudirman 120 Tuban (depan BCA Tuban)', '', '', '', '0', '8123566639', '', '', '', '0', '', '0', '0', '0000-00-00 00:00:00'), ('471', '', 'Muhammad Kaimuddin', '', 'm_addin03@yahoo.com', 'A301150077', '', '', 'Jl. Muria 21 Pepelegi, waru, Sidoarjo', '', '', '', '0', '8123098025', '', '', '', '0', '', '0', '0', '0000-00-00 00:00:00'), ('472', '', 'Sri Rameni Dewi Anggono', '', 'magda.majesti@gmail.com', 'A201150026', '', '', 'Klampis Semolo Barat 7 no.42 Blok J-11 Sukolilo, Surabaya', '', '', '', '0', '8123587737', '', '', '', '0', '', '0', '0', '0000-00-00 00:00:00'), ('473', '', 'Mohammad Irfan Lutfi', '', 'mahkotawisatasemarang@gmail.com', 'A101150347', '', '', 'Ds. Gading RT 01/03 Sale, Rembang', '', '', '', '0', '85200372573', '', '', '', '0', '', '0', '0', '0000-00-00 00:00:00'), ('474', '', 'Lusia Novita Sari', '', 'mailtolusia@gmail.com', 'A501150012', '', '', 'Jl. Mataram Raya No.5 Kelapa Dua, Tangerang', '', '', '', '0', '81929236024', '', '', '', '0', '', '0', '0', '0000-00-00 00:00:00'), ('475', '', 'Hung Meng Tsung', '', 'malangi48@yahoo.com.tw', 'A201150174', '', '', 'Desa Kalianget RT01/02 Kec. Banyuglugur, Situbondo', '', '', '', '0', '', '', '', '', '0', '', '0', '0', '0000-00-00 00:00:00'), ('476', '', 'Maman Budiman', '', 'maman.budiman@yahoo.com', 'A301150065', '', '', 'Lebak Jaya 2-A/50 Gading, Tambak Sari, Surabaya', '', '', '', '0', '85230004668', '', '', '', '0', '', '0', '0', '0000-00-00 00:00:00'), ('477', '', 'Ferri Efendi', '', 'manudamayanti@gmail.com', 'A401150062', '', '', 'Puri Surya Jaya, Taman Pasadena blok D1 no 8A, Gedangan, Sidoarjo', '', '', '', '0', '81212380357', '', '', '', '0', '', '0', '0', '0000-00-00 00:00:00'), ('478', '', 'Maria Magdani', '', 'maria.magdani@yahoo.com', 'A101150336', '', '', 'Jl. Puncung Raya RT11/02 Kramatjati, Jakarta Timur', '', '', '', '0', '8129253539', '', '', '', '0', '', '0', '0', '0000-00-00 00:00:00'), ('479', '', 'Maria Silvia Yuliana', '', 'maria.yuliana@sby.tpil.co.id', 'A401150037', '', '', 'Tanjung Batu no.4 Surabaya', '', '', '', '0', '81359007903', '', '', '', '0', '', '0', '0', '0000-00-00 00:00:00'), ('480', '', 'Elvira Mariana', '', 'mariana.elvyra@yahoo.co.id', 'A401150109', '', '', 'Perum Residence 21 Kav 8 Jambangan, Surabaya', '', '', '', '0', '8175138336', '', '', '', '0', '', '0', '0', '0000-00-00 00:00:00'), ('481', '', 'Maria Riandika', '', 'mariariandika@gmail.com', 'A101150261', '', '', 'Jaban RT01/25 Ngaglik, Sleman', '', '', '', '0', '8112555068', '', '', '', '0', '', '0', '0', '0000-00-00 00:00:00'), ('482', '', 'Mario Christiano Chandra', '', 'mario_christiano@yahoo.com', 'A401150052', '', '', 'Fullerton Place TF-4/10, Jeruk, Lakarsantri, Surabaya Barat', '', '', '', '0', '818500953', '', '', '', '0', '', '0', '0', '0000-00-00 00:00:00'), ('483', '', 'Markus Priyono', '', 'markus.priyono@yahoo.com', 'A201150060', '', '', 'Teuku Umar no 68 Jember', '', '', '', '0', '81331323299', '', '', '', '0', '', '0', '0', '0000-00-00 00:00:00'), ('484', '', 'Martinus Edi Sianto', '', 'martinus.sianto@gmail.com', 'A401150065', '', '', 'Jl. Bronggalan IIG/18A Surabaya', '', '', '', '0', '81217798886', '', '', '', '0', '', '0', '0', '0000-00-00 00:00:00'), ('485', '', 'Hary Setyawan', '', 'masharry_uy@yahoo.com', 'A201150165', '', '', 'Kauman Timur RT02/04 Cawas, Klaten', '', '', '', '0', '81254307242', '', '', '', '0', '', '0', '0', '0000-00-00 00:00:00'), ('486', '', 'Masrofi, ST', '', 'masrofibri@gmail.com', 'A101150128', '', '', 'Jl. Pajang no.29 Kalipucang Kulon, Batang', '', '', '', '0', '817451956', '', '', '', '0', '', '0', '0', '0000-00-00 00:00:00'), ('487', '', 'Goey Fu Han', '', 'maxco.cv@gmail.com', 'A301150017', '', '', 'Pesapen Kali 16 RT02/10 Krembangan Utara, Pabean Cantian, Surabaya', '', '', '', '0', '', '', '', '', '0', '', '0', '0', '0000-00-00 00:00:00'), ('488', '', 'Dewi Mayasari', '', 'mayasari_dewi@yahoo.com', 'A101150256', '', '', 'Jl. Pemuda no.72, Kemirirejo, Magelang', '', '', '', '0', '8175482777', '', '', '', '0', '', '0', '0', '0000-00-00 00:00:00'), ('489', '', 'Ropbiono Widjaja', '', 'mayonaisse_obi@yahoo.com', 'A301150045', '', '', 'Mojoklanggeru Wetan 4/46 Gubeng, Surabaya', '', '', '', '0', '811317612', '', '', '', '0', '', '0', '0', '0000-00-00 00:00:00'), ('490', '', 'Mega Maheswari Mongan', '', 'maznya.angels@gmail.com', 'A301150185', '', '', 'Jl. Saliman 8 Komplek Kenjeran, Bulak, Surabaya', '', '', '', '0', '81330018691', '', '', '', '0', '', '0', '0', '0000-00-00 00:00:00'), ('491', '', 'Retnowati', '', 'mcbing_bing@yahoo.co.id', 'A101150356', '', '', 'Wonorejo Permai Selatan 5/4CC-386 Rungkut, Surabaya', '', '', '', '0', '811374896', '', '', '', '0', '', '0', '0', '0000-00-00 00:00:00'), ('492', '', 'Moch. Djalal Sayudi', '', 'mdsayudi@gmail.com', 'A101150278', '', '', 'Jl. Simp Titan VI/L 30 Blimbing, Malang', '', '', '', '0', '81214565888', '', '', '', '0', '', '0', '0', '0000-00-00 00:00:00'), ('493', '', 'Rian Kurniawan', '', 'mechanicalofone@gmail.com', 'A301150123', '', '', 'Komplek Krakatau no.26 Pematang Pupu, Mandau, Riau', '', '', '', '0', '', '', '', '', '0', '', '0', '0', '0000-00-00 00:00:00'), ('494', '', 'Novi Seliani Cannaga', '', 'meci_cute@yahoo.co.id', 'A201150123', '', '', 'Plampitan 6/1 Surabaya', '', '', '', '0', '89630975892', '', '', '', '0', '', '0', '0', '0000-00-00 00:00:00'), ('495', '', 'Premita Nurmasari', '', 'mee.taa07@gmail.com', 'A401150046', '', '', 'Jl. Jend. S. Parman 5/123 Waru Sidoarjo', '', '', '', '0', '8123172933', '', '', '', '0', '', '0', '0', '0000-00-00 00:00:00'), ('496', '', 'Mega Pratiwi', '', 'mega.pratiwi08@gmail.com', 'A201150067', '', '', 'Jl. Bunga Anyelir no.8 Perum Istana Bunga Deawandaru Soekarno Hatta, Malang', '', '', '', '0', '82159675070', '', '', '', '0', '', '0', '0', '0000-00-00 00:00:00'), ('497', '', 'Ida Kristina', '', 'mendut_10@yahoo.co.id', 'A101150223', '', '', 'Jl. Mendut no.10 Tamanbaru, Banyuwangi', '', '', '', '0', '8124943030', '', '', '', '0', '', '0', '0', '0000-00-00 00:00:00'), ('498', '', 'Ferdian Hadi Purwanto', '', 'meongberdy@gmail.com', 'A101150318', '', '', 'Bandarejo 1 Gg. Buntu Benowo, Surabaya', '', '', '', '0', '8113089989', '', '', '', '0', '', '0', '0', '0000-00-00 00:00:00'), ('499', '', 'Liongkeri Timin', '', 'mewahgroup@ymail.com', 'A401150007', '', '', 'Mulyosari Utara 52 Kalisari, Mulyorejo, Surabaya', '', '', '', '0', '811317687', '', '', '', '0', '', '0', '0', '0000-00-00 00:00:00'), ('500', '', 'Yurike Stepannie Mas\'Oen', '', 'mgranedo@yahoo.com', 'A101150036', '', '', 'Tenggilis Timur 4/10 Surabaya', '', '', '', '0', '82350581407', '', '', '', '0', '', '0', '0', '0000-00-00 00:00:00'), ('501', '', 'Melsa Herman', '', 'mh.harmony@gmail.com', 'A101150043', '', '', 'Jl. Kawi no.20-A Setia Budi, Jakarta Selatan', '', '', '', '0', '811911968', '', '', '', '0', '', '0', '0', '0000-00-00 00:00:00'), ('502', '', 'Michael Alexander Sangkereng', '', 'michaelalex_95@yahoo.com', 'A201150203', '', '', 'Galaxi Bumi Permai F6/5 RT04/12 Semolowaru, Sukolilo, Surabaya', '', '', '', '0', '81358444428', '', '', '', '0', '', '0', '0', '0000-00-00 00:00:00'), ('503', '', 'Michelle Nikita Jusuf', '', 'michelle.nikita@rocketmail.com', 'A401150048', '', '', 'Pondok Blimbing Indah B-7/24 Polowijen, Blimbing, Malang', '', '', '', '0', '82131317123', '', '', '', '0', '', '0', '0', '0000-00-00 00:00:00'), ('504', '', 'Miftachu Firridjal', '', 'miftachufirridjal@gmail.com', 'A301150198', '', '', 'Jl. Gajahmada 24 Kedungturi, Taman, Sidoarjo', '', '', '', '0', '81288219905', '', '', '', '0', '', '0', '0', '0000-00-00 00:00:00'), ('505', '', 'Zainul Miftah', '', 'miftahX11@yahoo.com', 'A401150066', '', '', 'Griya Kebraon Tengah X 10, Kebraon, Karangpilang, Surabaya', '', '', '', '0', '85233341384', '', '', '', '0', '', '0', '0', '0000-00-00 00:00:00'), ('506', '', 'Mikdad', '', 'mikdadbisyir@yahoo.com', 'A101150307', '', '', 'Jl. Utama II no.9 Duren Sawit, Jakarta Timur', '', '', '', '0', '82113839465', '', '', '', '0', '', '0', '0', '0000-00-00 00:00:00'), ('507', '', 'Milka Suhartono', '', 'milka.soehartono@yahoo.co.id', 'A101150374', '', '', 'Jl. Titan Asri I/A20 Pandan Wangi, Blimbing, Malang.', '', '', '', '0', '81333825382', '', '', '', '0', '', '0', '0', '0000-00-00 00:00:00'), ('508', '', 'Ir. Ade Gunardi Didi', '', 'millatina.azka@gmail.com', 'A101150281', '', '', 'Mghy Raya Barat S-II No.80 RT 06/10 Buah Batu, Bandung', '', '', '', '0', '8122111989', '', '', '', '0', '', '0', '0', '0000-00-00 00:00:00'), ('509', '', 'Milton', '', 'miltontriwahono@ymail.com', 'A201150111', '', '', 'Jl. Embong Malang no.70 Genteng, Surabaya', '', '', '', '0', '031 81662280', '', '', '', '0', '', '0', '18', '0000-00-00 00:00:00'), ('510', '', 'Fenty Suryadini', '', 'minie_moi@yahoo.com', 'A101150320', '', '', 'Griya Kencana Asri blok D-9, Surabaya', '', '', '', '0', '8385500019', '', '', '', '0', '', '0', '0', '0000-00-00 00:00:00'), ('511', '', 'Neil Allan Thompson', '', 'mintie6@gmail.com', 'A301150004', '', '', 'Water Place apartment Tower E 1510 Pakuwon Indah, Surabaya', '', '', '', '0', '85852894456', '', '', '', '0', '', '0', '0', '0000-00-00 00:00:00'), ('512', '', 'Ronny Indratno', '', 'mitrasablon@yahoo.com', 'A201150052', '', '', 'Jl. Kawi no 32 Genteng, Banyuwangi', '', '', '', '0', '8123462278', '', '', '', '0', '', '0', '0', '0000-00-00 00:00:00'), ('513', '', 'Sheila Sagitta', '', 'mitzlighting@yahoo.com', 'A101150243', '', '', 'Darmo Indah Barat 3/B-31 Tandes, Surabaya', '', '', '', '0', '8123120588', '', '', '', '0', '', '0', '0', '0000-00-00 00:00:00'), ('514', '', 'Firly (Arif Fikry)', '', 'mochfikry@yahoo.com', 'A101150176', '', '', 'Ploso Timur I/89 Tambaksari, Surabaya', '', '', '', '0', '85720151235', '', '', '', '0', '', '0', '0', '0000-00-00 00:00:00'), ('515', '', 'RR. Moerika Intan Kemala Putri', '', 'moerika1@yahoo.com', 'A301150030', '', '', 'Aspol Bina Brata Banjarmasin, Kalimantan Selatan', '', '', '', '0', '81231211197', '', '', '', '0', '', '0', '0', '0000-00-00 00:00:00'), ('516', '', 'A. Miftahul Huda', '', 'mohammadharig@yahoo.com', 'A301150169', '', '', 'Jl. HOS Cokroaminoto I/9 159 Lingk Kulon Pasar, Kaliwates, Jember', '', '', '', '0', '81234353355', '', '', '', '0', '', '0', '0', '0000-00-00 00:00:00'), ('517', '', 'Mingky Kurniawan', '', 'mqkaliye@yahoo.com', 'A101150032', '', '', 'Jl. Banyu Urip no.187 Sawahan, Surabaya', '', '', '', '0', '82131626200', '', '', '', '0', '', '0', '0', '0000-00-00 00:00:00'), ('518', '', 'Michael Sulianto', '', 'msulianto@yahoo.co.id', 'A401150053', '', '', 'Kertajaya Indah V/3 blok F-202, Surabaya', '', '', '', '0', '817329997', '', '', '', '0', '', '0', '0', '0000-00-00 00:00:00'), ('519', '', 'Muhadi', '', 'muhadi@spektra.ms.co.id', 'A101150351', '', '', 'Kp. Nyencle RT 05/12 Tapos, Depok', '', '', '', '0', '8151897050', '', '', '', '0', '', '0', '0', '0000-00-00 00:00:00'), ('520', '', 'M. Farhan', '', 'muhammadfarhan16@gmail.com', 'A301150118', '', '', 'Dsn. Kedawung RT01/02 Bicak, Trowulan, Mojokerto', '', '', '', '0', '81939841338', '', '', '', '0', '', '0', '0', '0000-00-00 00:00:00'), ('521', '', 'Mukhammad Taufiq', '', 'mukhammadtaufiq@gmail.com', 'A401150054', '', '', 'Jl. Sumatra 11 Prajurit Kulon, Mojokerto', '', '', '', '0', '81314520114', '', '', '', '0', '', '0', '0', '0000-00-00 00:00:00'), ('522', '', 'Mukri Timin', '', 'mukritimin@yahoo.com', 'A401150006', '', '', 'Mulyosari Utara 2/9 Mulyorejo, Surabaya', '', '', '', '0', '8123002203', '', '', '', '0', '', '0', '0', '0000-00-00 00:00:00'), ('523', '', 'Myarsatami Prananta Sidhyarsi', '', 'myarsatami@yahoo.co.id', 'A201150094', '', '', 'Gemah Jaya VIII/51 Tembalang, Semarang', '', '', '', '0', '', '', '', '', '0', '', '0', '0', '0000-00-00 00:00:00'), ('524', '', 'Welly Widadi', '', 'myasneta@yahoo.com', 'A501150001', '', '', 'Jl. Kyai Caringin no.20A, Jakarta', '', '', '', '0', '81222095888', '', '', '', '0', '', '0', '0', '0000-00-00 00:00:00'), ('525', '', 'Heru Cakra', '', 'mydinda2002@yahoo.com', 'A101150367', '', '', 'Apartemen Trillium Unit A1101 - Jl. Pemuda no.108, Surabaya', '', '', '', '0', '8123546690', '', '', '', '0', '', '0', '0', '0000-00-00 00:00:00'), ('526', '', 'Mike Yuli Winarsih', '', 'myeke.jw@gmail.com', 'A201150101', '', '', 'Wisma Permai Tengah VII/HH-17, Surabaya', '', '', '', '0', '81357449898', '', '', '', '0', '', '0', '0', '0000-00-00 00:00:00'), ('527', '', 'Dewi Khrisdina', '', 'n1ck4eva@hotmail.com', 'A301150105', '', '', 'Raffles Garden TB9/5 Citraland, Surabaya', '', '', '', '0', '8123277836', '', '', '', '0', '', '0', '0', '0000-00-00 00:00:00'), ('528', '', 'Lucky Widodo', '', 'namanking06@gmail.com', 'A301150131', '', '', 'Perum Griya Sepanjang A-123 Kedungturi, Taman, Sidoarjo', '', '', '', '0', '', '', '', '', '0', '', '0', '0', '0000-00-00 00:00:00'), ('529', '', 'Nancy Handayani', '', 'nancyh1271@gmail.com', 'A201150217', '', '', 'Pakis Tirtosari 9/45 Sawahan, Surabaya', '', '', '', '0', '81230830805', '', '', '', '0', '', '0', '0', '0000-00-00 00:00:00'), ('530', '', 'Ayu Nanda Lestari', '', 'nandoelzzz@gmail.com', 'A101150157', '', '', 'Dusun 03 Pasar 02 RT12/06 Gending, Probolinggo', '', '', '', '0', '81336042299', '', '', '', '0', '', '0', '0', '0000-00-00 00:00:00'), ('531', '', 'Ledi Kusno Aji', '', 'nanok4444@yahoo.co.id', 'A301150060', '', '', 'Jl. Ikhlas no.99 Tanah Baru, Beji, Depok', '', '', '', '0', '81381745774', '', '', '', '0', '', '0', '0', '0000-00-00 00:00:00'), ('532', '', 'Tumpak Efendy Napitupulu', '', 'napitupulu.tumpak@gmail.com', 'A401150039', '', '', 'Jl.Rembang Industri Raya I no.2 Kantor Bea Cukai', '', '', '', '0', '82233548435', '', '', '', '0', '', '0', '0', '0000-00-00 00:00:00'), ('533', '', 'Nazar Alwasly', '', 'naxarsega@gmail.com', 'A301150144', '', '', 'P. Sudirman 12/228-B Sidokumpul, Gresik', '', '', '', '0', '816537791', '', '', '', '0', '', '0', '0', '0000-00-00 00:00:00'), ('534', '', 'Novanto Budi Utomo', '', 'nbutomo.mojo@gmail.com', 'A301150082', '', '', 'Puri Kencana Rt 06/03 Sumber Girang, Mojokerto', '', '', '', '0', '', '', '', '', '0', '', '0', '0', '0000-00-00 00:00:00'), ('535', '', 'Muhammad Whibi Rhouzan Fikri', '', 'ndogel_rhouzan@yahoo.co.id', 'A301150107', '', '', 'Bhaskara Utara B12, Kalisari, Mulyorejo, Surabaya', '', '', '', '0', '85712127798', '', '', '', '0', '', '0', '0', '0000-00-00 00:00:00'), ('536', '', 'Nur Azizah', '', 'neng.aziza@gmail.com', 'A301150116', '', '', 'Jl. Taman Jambangan Indah 29 Surabaya', '', '', '', '0', '82231004000', '', '', '', '0', '', '0', '0', '0000-00-00 00:00:00'), ('537', '', 'Ika Andriyani', '', 'neng_1k4@yahoo.co.id', 'A201150187', '', '', 'Jl. Kayon no. 50-52 Surabaya', '', '', '', '0', '81361332867', '', '', '', '0', '', '0', '0', '0000-00-00 00:00:00'), ('538', '', 'Purwandari', '', 'niawanda@gmail.com', 'A201150013', '', '', 'Perum Green Hill O-11 Kebomas, Gresik', '', '', '', '0', '82233341133', '', '', '', '0', '', '0', '0', '0000-00-00 00:00:00'), ('539', '', 'Nico Gunawan', '', 'nicogunawanbest@yahoo.com', 'A201150065', '', '', 'Melon Selatan 2/21 Pondok Candra Indah, Waru, Sidoarjo', '', '', '', '0', '8123084824', '', '', '', '0', '', '0', '0', '0000-00-00 00:00:00'), ('540', '', 'Moch. A. Munief', '', 'nief_diamond@yahoo.co.id', 'A101150044', '', '', 'Hulaan RT17/08 Menganti, Gresik', '', '', '', '0', '8123507613', '', '', '', '0', '', '0', '0', '0000-00-00 00:00:00'), ('541', '', 'Devia Tri', '', 'niki_hendriko@yahoo.com', 'A201150137', '', '', 'Jl. Hanggar no.89 Blitar', '', '', '', '0', '81216858552', '', '', '', '0', '', '0', '0', '0000-00-00 00:00:00'), ('542', '', 'Surya Nikolus Simon', '', 'nikolus7@gmail.com', 'A201150045', '', '', 'Wisma Indah C37 Kepanjen Kidul, Blitar', '', '', '', '0', '8125857875', '', '', '', '0', '', '0', '0', '0000-00-00 00:00:00'), ('543', '', 'SK. Sulistyaningrum', '', 'ningrum.dv@gmail.com', 'A101150346', '', '', 'Jl. Nurul Ikhsan I RT 02/03 Cipedak, Jakarta Selatan', '', '', '', '0', '8128186396', '', '', '', '0', '', '0', '0', '0000-00-00 00:00:00'), ('544', '', 'Niniek Muliawati', '', 'niniek24@yahoo.com', 'A201150142', '', '', 'Manyar Tirtoyoso Selatan 1/65 Mulyorejo, Surabaya', '', '', '', '0', '81336622480', '', '', '', '0', '', '0', '0', '0000-00-00 00:00:00'), ('545', '', 'Ni Putu Utari Pradnya Dewi', '', 'ninis_wardani@yahoo.com', 'A101150238', '', '', 'Bendulmerisi Permai C/22 Wonocolo, Surabaya', '', '', '', '0', '811321969', '', '', '', '0', '', '0', '0', '0000-00-00 00:00:00'), ('546', '', 'Akhirun Nisyak', '', 'nisa.erietriegroup@gmail.com', 'A301150038', '', '', 'Sidopurno RT20/05 Sidokepung, Buduran, Sidoarjo', '', '', '', '0', '81335862320', '', '', '', '0', '', '0', '0', '0000-00-00 00:00:00'), ('547', '', 'Noka Maharany AK', '', 'noka.maharany@gmail.com', 'A301150165', '', '', 'Jl. Anggrek Garuda no.5 Lowokwaru, Malang', '', '', '', '0', '818384077', '', '', '', '0', '', '0', '0', '0000-00-00 00:00:00'), ('548', '', 'Sri Wahyuana', '', 'nonaanafg@yahoo.co.id', 'A101150277', '', '', 'Deketwetan RT04/01 Deket, Lamongan', '', '', '', '0', '8113479694', '', '', '', '0', '', '0', '0', '0000-00-00 00:00:00'), ('549', '', 'Yenny carina Soetamto, SE.', '', 'nonit.carina@gmail.com', 'A101150180', '', '', 'Nganggrung RT02/30 Ngaglik, Sleman', '', '', '', '0', '8175499792', '', '', '', '0', '', '0', '0', '0000-00-00 00:00:00'), ('550', '', 'M. Noor Sudrajat', '', 'noorsudrajat@yahoo.co.id', 'A201150175', '', '', 'Jl. Qadr III No. 16 RT 01/14 Kelapa Dua, Tangerang', '', '', '', '0', '82298736919', '', '', '', '0', '', '0', '0', '0000-00-00 00:00:00'), ('551', '', 'Noveila Yedryna', '', 'noveila.yedryna@gmail.com', 'A501150033', '', '', 'Jl. Kemayoran Ketapang no.3, Kemayoran, Jakarta Pusat', '', '', '', '0', '81806208889', '', '', '', '0', '', '0', '0', '0000-00-00 00:00:00'), ('552', '', 'Noviantisa Wahyu Afifah', '', 'noviantisa@icloud.com', 'A101150088', '', '', 'Nganglik, Sidorejo, Bendosari RT02/07 Sukoharjo 57527', '', '', '', '0', '85725368577', '', '', '', '0', '', '0', '0', '0000-00-00 00:00:00'), ('553', '', 'Eri Novianto', '', 'novianto@gmail.com', 'A301150129', '', '', 'Jl. Cengger Ayam I/7A H2 Lowokwaru, Malang', '', '', '', '0', '82232010323', '', '', '', '0', '', '0', '0', '0000-00-00 00:00:00'), ('554', '', 'Nur Hasyim Asyari', '', 'nr_hasim@yahoo.com', 'A101150328', '', '', 'Firdaus Regency Blok E-26 Jombang', '', '', '', '0', '8129465250', '', '', '', '0', '', '0', '0', '0000-00-00 00:00:00'), ('555', '', 'Nia Natalia', '', 'nsariwibowo@gmail.com', 'A101150192', '', '', 'Dsn. Sriwing RT 07/02 Sidomulyo, Tuban', '', '', '', '0', '8885148138', '', '', '', '0', '', '0', '0', '0000-00-00 00:00:00'), ('556', '', 'Nunik Ratnasari', '', 'nunik@oecfreight_sub.com', 'A101150273', '', '', 'Tambak Segaran Wetan 2/29 Tambak Sari, Surabaya', '', '', '', '0', '8165417637', '', '', '', '0', '', '0', '0', '0000-00-00 00:00:00'), ('557', '', 'Amin Ma\'Arif, S.Pd', '', 'nuning@gmail.com', 'A101150159', '', '', 'Ketintang Barat 03/168 Gayungan, Surabaya', '', '', '', '0', '8123591683', '', '', '', '0', '', '0', '0', '0000-00-00 00:00:00'), ('558', '', 'Nurdin Trisno Jumanto', '', 'nurdintrisna_sby@yahoo.com', 'A101150022', '', '', 'Manukan Rejo I-G/16 Tandes, Surabaya', '', '', '', '0', '81357232888', '', '', '', '0', '', '0', '0', '0000-00-00 00:00:00'), ('559', '', 'Ella Nurfaiza', '', 'nurfaizaella@yahoo.com', 'A501150003', '', '', 'Mahogany Residence D/21 Harjamukti, Cimanggis, Depok', '', '', '', '0', '81357334729', '', '', '', '0', '', '0', '0', '0000-00-00 00:00:00'), ('560', '', 'Agus Zubaidi', '', 'nurjali19@gmail.com', 'A201150168', '', '', 'Pencindilan Trale 2/2-A Kapasari, Genteng, Surabaya', '', '', '', '0', '8563235679', '', '', '', '0', '', '0', '0', '0000-00-00 00:00:00'), ('561', '', 'Nurshahib Yuli Usmanto, ST', '', 'nurshahib@gmail.com', 'A101150172', '', '', 'GDC CLSTR alamanda Blk C8 Kalimulya Cilodong, Depok', '', '', '', '0', '81328318707', '', '', '', '0', '', '0', '0', '0000-00-00 00:00:00'), ('562', '', 'Nurul Widiana', '', 'nurul.widiana@indomilk.com', 'A201150132', '', '', 'Permata Jingga Anggrek 8/9 Malang', '', '', '', '0', '8123599320', '', '', '', '0', '', '0', '0', '0000-00-00 00:00:00'), ('563', '', 'Nizamuddin Azhari, SE', '', 'nzaz88@gmail.com', 'A101150165', '', '', 'Jl. Bumi Mas Raya Komp. Bumi Mas VII no.133 Pemurus Baru, Banjarmasin Selatan', '', '', '', '0', '85387337999', '', '', '', '0', '', '0', '0', '0000-00-00 00:00:00'), ('564', '', 'Wa\'Ode Natalia Murika, SE', '', 'o.de.natalia@yahoo.co.id', 'A101150163', '', '', 'Jl. Merdeka no.60A Dsn. Mojowangi, Jombang', '', '', '', '0', '8113343233', '', '', '', '0', '', '0', '0', '0000-00-00 00:00:00'), ('565', '', 'Tommy Prasetyo Ali', '', 'obsesi.sutradara@yahoo.com', 'A101150218', '', '', 'Jl. Papandayan blok A.36 Bekasi Barat', '', '', '', '0', '81283212706', '', '', '', '0', '', '0', '0', '0000-00-00 00:00:00'), ('566', '', 'ABD Rochim', '', 'Ochimputra@gmail.com', 'A401150049', '', '', 'Wisata Bukit Mas D2/10 Zona Madrid, Surabaya', '', '', '', '0', '8113340577', '', '', '', '0', '', '0', '0', '0000-00-00 00:00:00'), ('567', '', 'Ronny Budisantoso', '', 'oei_ronny@yahoo.com', 'A101150360', '', '', 'Jl. Gajah Mada no.45 RT07/02 Sidokumpul, Sidoarjo', '', '', '', '0', '816517921', '', '', '', '0', '', '0', '0', '0000-00-00 00:00:00'), ('568', '', 'Oey Tiong Kie', '', 'oeytiongkie@gmail.com', 'A501150015', '', '', 'Jl. Mandala Utara III, Tomang, Jakarta Barat', '', '', '', '0', '85287370878', '', '', '', '0', '', '0', '0', '0000-00-00 00:00:00'), ('569', '', 'Mukas Kuluki', '', 'oki@jawapos.co.id', 'A101150280', '', '', 'Karangrejo 8/23 Wonokromo, Surabaya', '', '', '', '0', '8170005757', '', '', '', '0', '', '0', '0', '0000-00-00 00:00:00'), ('570', '', 'Sugeng Suprayitno', '', 'okiemiracle@gmail.com', 'A301150055', '', '', 'Jl. Kenari no.3 Purworejo, Pasuruan', '', '', '', '0', '', '', '', '', '0', '', '0', '0', '0000-00-00 00:00:00'), ('571', '', 'Kwee Olga Sutjiati', '', 'olga_sutjiati@yahoo.com', 'A301150081', '', '', 'Jl. Wiguna Tengah X/31 Gunung anyar, Surabaya', '', '', '', '0', '8165403980', '', '', '', '0', '', '0', '0', '0000-00-00 00:00:00'), ('572', '', 'Ong Ding Ding', '', 'ong.dingding@yahoo.co.id', 'A201150120', '', '', 'Simpang Darmo Permai Selatan III/62 Surabaya', '', '', '', '0', '81231077057', '', '', '', '0', '', '0', '0', '0000-00-00 00:00:00'), ('573', '', 'Oscar Budi Prasetia', '', 'oscar_arch77@gmail.com', 'A201150084', '', '', 'Jl. Wonorejo Permai Selatan I/CC-116B Rungkut, Surabaya', '', '', '', '0', '81931089628', '', '', '', '0', '', '0', '0', '0000-00-00 00:00:00'), ('574', '', 'Eko Yudha Widjayanto', '', 'ozemicorazon@gmail.com', 'A201150109', '', '', 'Perum Tamas VII/5 Tambak Sawah Baru', '', '', '', '0', '8155046364', '', '', '', '0', '', '0', '0', '0000-00-00 00:00:00'), ('575', '', 'Vera Putri Mardjuki', '', 'p_man83@hotmail.com', 'A301150062', '', '', 'Green Garden blk C-1/19 Kedoya Utara, Jakarta', '', '', '', '0', '', '', '', '', '0', '', '0', '0', '0000-00-00 00:00:00'), ('576', '', 'Eko Putera Wijaya', '', 'pancingmurah@gmail.com', 'A301150120', '', '', 'Jl. Setasiun 1 Dusun Krajan A Bangsal Sari, Jember', '', '', '', '0', '81752434408', '', '', '', '0', '', '0', '0', '0000-00-00 00:00:00'), ('577', '', 'Franciscus Xaverius James Tan', '', 'pang5_kk@yahoo.com', 'A401150090', '', '', 'Jl. Sulawesi 36 Surabaya 60246', '', '', '', '0', '811356666', '', '', '', '0', '', '0', '0', '0000-00-00 00:00:00'), ('578', '', 'I Gede Bagus Tri Lasmana', '', 'patimura371@yahoo.com', 'A101150112', '', '', 'Jl. Isman no.7 Komplek Kenjeran, Bulak, Surabaya', '', '', '', '0', '81230509983', '', '', '', '0', '', '0', '0', '0000-00-00 00:00:00'), ('579', '', 'Paula Anastasia Reksosamudra', '', 'paula82@yahoo.co.id', 'A301150160', '', '', 'Lebak Indah Regency D-10 Surabaya', '', '', '', '0', '87852088000', '', '', '', '0', '', '0', '0', '0000-00-00 00:00:00'), ('580', '', 'Paul Jessy', '', 'paulje@gmail.com', 'A201150103', '', '', 'Taman Pondok Indah KY24 Wiyung, Surabaya', '', '', '', '0', '82231067788', '', '', '', '0', '', '0', '0', '0000-00-00 00:00:00'), ('581', '', 'Elvy Eka', '', 'penalihan7madiun@gmail.com', 'A101150235', '', '', 'Jl. Tri Jaya VIII/209 Klegen, Madiun', '', '', '', '0', '81234786315', '', '', '', '0', '', '0', '0', '0000-00-00 00:00:00'), ('582', '', 'Panji Arrie Priyadi', '', 'phanzhee@gmail.com', 'A101150041', '', '', 'Jl. Melati No.17 Jatinegara, Jakarta Timur', '', '', '', '0', '85730191903', '', '', '', '0', '', '0', '0', '0000-00-00 00:00:00'), ('583', '', 'Yosef Pudjiharjo', '', 'pinkphunk@ymail.com', 'A301150061', '', '', 'Taman  Puspa Raya B7/5 Sambikerep, Surabaya', '', '', '', '0', '', '', '', '', '0', '', '0', '0', '0000-00-00 00:00:00'), ('584', '', 'Poppy Kamelia Perangin-angin', '', 'pkamelia79@gmail.com', 'A101150150', '', '', 'Kalisari Indah I/J1-15 Mulyorejo, Surabaya', '', '', '', '0', '81231585879', '', '', '', '0', '', '0', '0', '0000-00-00 00:00:00'), ('585', '', 'Huachao Li', '', 'poncosomo@yahoo.com.tw', 'A401150021', '', '', 'PT. East Hope Agriculture Surabaya, Ngoro, Mojokerto', '', '', '', '0', '81252839263', '', '', '', '0', '', '0', '0', '0000-00-00 00:00:00'), ('586', '', 'Eko Pambudi', '', 'prajitno@gmail.com', 'A101150353', '', '', 'Taman Puspa Anggaswangi F1/2 RT03/07 Sukodono, Sidoarjo ', '', '', '', '0', '818308866', '', '', '', '0', '', '0', '0', '0000-00-00 00:00:00'), ('587', '', 'Ir. Prasetyo M.Eng', '', 'pras_tyo@hotmail.com', 'A101150029', '', '', 'Jl. Cendrawasih I no.7A Kebayoran Lama, Jakarta Selatan', '', '', '', '0', '8129959034', '', '', '', '0', '', '0', '0', '0000-00-00 00:00:00'), ('588', '', 'Jusak Budi P, Drs.MM.BA', '', 'prasetyojusakb@yahoo.com', 'A401150094', '', '', 'Jl. Mugas no.741 RT08/02 Mugarsari, Semarang Selatan', '', '', '', '0', '816666846', '', '', '', '0', '', '0', '0', '0000-00-00 00:00:00'), ('589', '', 'Hesti Pratiwi', '', 'pratiwisky.penerbangan@yahoo.co.id', 'A401150078', '', '', 'Taman Surya Kencana Merkurius A25 Sidoarjo', '', '', '', '0', '82220572226', '', '', '', '0', '', '0', '0', '0000-00-00 00:00:00'), ('590', '', 'Rian Prawidhana', '', 'prawidhana2@yahoo.com', 'A201150169', '', '', 'Jl. Flamboyan N Ujung no.6 Cimanggu, Tanah Sareal, Bogor', '', '', '', '0', '81212507507', '', '', '', '0', '', '0', '0', '0000-00-00 00:00:00'), ('591', '', 'Prawita Diah Irawati', '', 'prawita@ymail.com', 'A301150175', '', '', 'Mulyosari Utara Kalisari Mulyosari RT 07/01 Surabaya', '', '', '', '0', '', '', '', '', '0', '', '0', '0', '0000-00-00 00:00:00'), ('592', '', 'Devi Haryanti', '', 'pribadi_setyawan@yahoo.com', 'A101150340', '', '', 'Lingk. Ciwedus Baru RT01/02 Cilegon', '', '', '', '0', '81906165224', '', '', '', '0', '', '0', '0', '0000-00-00 00:00:00'), ('593', '', 'Aprisa Rahmawati', '', 'prisa.rahma@yahoo.com', 'A101150185', '', '', 'Suko Asri L/17 Sukodono, Sidoarjo', '', '', '', '0', '81931069000', '', '', '', '0', '', '0', '0', '0000-00-00 00:00:00'), ('594', '', 'Sandra Kainama', '', 'priscilla767@yahoo.com', 'A101150299', '', '', 'Taman Agave 3 blok M4/6 Bekasi Selatan', '', '', '', '0', '818136367', '', '', '', '0', '', '0', '0', '0000-00-00 00:00:00'), ('595', '', 'Priyo Anggoro', '', 'priyoanggoro84@gmail.com', 'A101150217', '', '', 'Pakis Sidokumpul 1/16 Sawahan, Surabaya', '', '', '', '0', '811300420', '', '', '', '0', '', '0', '0', '0000-00-00 00:00:00'), ('596', '', 'Ho Rebecca Deviani Hudarso', '', 'pudji63@yahoo.com', 'A201150172', '', '', 'Sutorejo Timur 3/8 Mulyorejo, Surabaya', '', '', '', '0', '82131411311', '', '', '', '0', '', '0', '0', '0000-00-00 00:00:00'), ('597', '', 'Puguh Prastyanto Sutriyo', '', 'puguh00@yahoo.com', 'A301150095', '', '', 'Jl. Aster AH-1 Wistrop, Tropodo, Waru, Sidoarjo', '', '', '', '0', '81331593533', '', '', '', '0', '', '0', '0', '0000-00-00 00:00:00'), ('598', '', 'Purbolelono', '', 'purbo159@yahoo.co.id', 'A201150181', '', '', 'Jatisari Permai I/E2 Pepelegi, Waru', '', '', '', '0', '031 8534623', '', '', '', '0', '', '0', '0', '0000-00-00 00:00:00'), ('599', '', 'Aily Chandra', '', 'purple99_id@yahoo.com', 'A201150018', '', '', 'Pantai Mentari Z-11 Bulak, Kenjeran, Surabaya', '', '', '', '0', '8165436383', '', '', '', '0', '', '0', '0', '0000-00-00 00:00:00'), ('600', '', 'Putra Nagan', '', 'putra.nagan@gmail.com', 'A101150169', '', '', 'Jl. Manukan Indah blok 19-015 Surabaya', '', '', '', '0', '81330675245', '', '', '', '0', '', '0', '0', '0000-00-00 00:00:00'), ('601', '', 'Putri Melinda', '', 'putrimelinda31@gmail.com', 'A101150151', '', '', 'Jl. Pulo Sirih Barat XI FE/531 Bekasi Selatan', '', '', '', '0', '81288581131', '', '', '', '0', '', '0', '0', '0000-00-00 00:00:00'), ('602', '', 'Putut Nurhadiyanto', '', 'putut.n@gmail.com', 'A101150074', '', '', 'Jl. Pang Sudirman 168 Kebon Agung, Pasuruan', '', '', '', '0', '81331847837', '', '', '', '0', '', '0', '0', '0000-00-00 00:00:00'), ('603', '', 'Kinanti Nusa Septaviana', '', 'qnand.affection@gmail.com', 'A201150189', '', '', 'Jl. Raya Merpati No.7  J-153 Wedoro, Waru, Sidoarjo', '', '', '', '0', '82140970568', '', '', '', '0', '', '0', '0', '0000-00-00 00:00:00'), ('604', '', 'Dwi Sapta Heru Laksana, ST', '', 'qtms.ca@gmail.com', 'A301150005', '', '', 'Taman Candi Loka E4/8 Ngampel Sari, Candi, Sidoarjo', '', '', '', '0', '83849270004', '', '', '', '0', '', '0', '0', '0000-00-00 00:00:00'), ('605', '', 'Sofi Fransiscasari', '', 'queenbeautycare85@yahoo.com', 'A301150143', '', '', 'Bratang Wetan I/22 Wonokromo, Surabaya', '', '', '', '0', '82245829233', '', '', '', '0', '', '0', '0', '0000-00-00 00:00:00');
INSERT INTO `users` VALUES ('606', '', 'Iskandar', '', 'quickt59@yahoo.com', 'A301150039', '', '', 'Jl. Jambangan Indah 111/20 Jambangan, Surabaya', '', '', '', '0', '8563070430', '', '', '', '0', '', '0', '0', '0000-00-00 00:00:00'), ('607', '', 'Marsetyo', '', 'r.marsetyo@falentindonesia.co.id', 'A401150071', '', '', 'Raya Wisma Pagesangan 61 Komplek Wisma Menanggal,, Gayungan, Surabaya', '', '', '', '0', '87855600024', '', '', '', '0', '', '0', '0', '0000-00-00 00:00:00'), ('608', '', 'Rachmana Setyawati', '', 'rachmana.setyawati@danamon.co.id', 'A101150009', '', '', 'Perum Pedurungan Baru no.11 Semarang', '', '', '', '0', '818299482', '', '', '', '0', '', '0', '0', '0000-00-00 00:00:00'), ('609', '', 'Siti Rodina', '', 'raffaisya@yahoo.com', 'A201150125', '', '', 'Tembok Dukuh 9/2 Bubutan, Surabaya', '', '', '', '0', '', '', '', '', '0', '', '0', '0', '0000-00-00 00:00:00'), ('610', '', 'Ria Rahmadani', '', 'rahmadaniria@gmail.com', 'A501150029', '', '', 'Jl. Sunan Ampel no.60 Gebalan, Magelang Selatan', '', '', '', '0', '8194832774', '', '', '', '0', '', '0', '0', '0000-00-00 00:00:00'), ('611', '', 'Firman', '', 'raka_syafrisal@yahoo.co.id', 'A101150069', '', '', 'Bibis Tama 3-A/33 Tandes, Surabaya', '', '', '', '0', '81330982456', '', '', '', '0', '', '0', '0', '0000-00-00 00:00:00'), ('612', '', 'Ranu Setyobudi', '', 'ranoe1982@gmail.com', 'A101150104', '', '', 'Jl. Candi Mendut VI/9 Lowokwaru, Malang', '', '', '', '0', '81333334503', '', '', '', '0', '', '0', '0', '0000-00-00 00:00:00'), ('613', '', 'Rasyid Al Hafiz', '', 'rasyid.alhafiz@gmail.com', 'A301150094', '', '', 'Delta Casabella no.92 Deltasari Baru, Waru, Sidoarjo', '', '', '', '0', '82110789945', '', '', '', '0', '', '0', '0', '0000-00-00 00:00:00'), ('614', '', 'Deni Mulyadi', '', 'rdenim13@gmail.com', 'A101150253', '', '', 'Dusun Mandalangu RT 04/07 Jatinangor, Sumedang', '', '', '', '0', '82226066601', '', '', '', '0', '', '0', '0', '0000-00-00 00:00:00'), ('615', '', 'Reda Ardiansyah', '', 'reda.ardiansyah@indosat.com', 'A101150333', '', '', 'Jetis III/118 Lemahputro, Sidoarjo', '', '', '', '0', '8155175196', '', '', '', '0', '', '0', '0', '0000-00-00 00:00:00'), ('616', '', 'Kusnul Fadilah', '', 'rena.fadilla@yahoo.com', 'A201150031', '', '', 'Kutisari Indah Barat VII/27 Surabaya', '', '', '', '0', '81330697997', '', '', '', '0', '', '0', '0', '0000-00-00 00:00:00'), ('617', '', 'Lydia Prayogo', '', 'rentalgogor5@gmail.com', 'A101150363', '', '', 'Griya Babatan Mukti J 11 Wiyung, Surabaya', '', '', '', '0', '031 7523042', '', '', '', '0', '', '0', '0', '0000-00-00 00:00:00'), ('618', '', 'Dyah Retnoningtyas', '', 'retnoningtyas.dee@gmail.com', 'A201150184', '', '', 'Jl. Manukan Tengah 6-f/18 Manukan Kulon, Tandes, Surabaya', '', '', '', '0', '82139221762', '', '', '', '0', '', '0', '0', '0000-00-00 00:00:00'), ('619', '', 'Retno Suhartati, SE', '', 'retnosuhartati27@gmail.com', 'A401150098', '', '', 'Pondok Jati II BS-9 Pagerwojo, Buduran, Sidoarjo', '', '', '', '0', '8175204988', '', '', '', '0', '', '0', '0', '0000-00-00 00:00:00'), ('620', '', 'Allen', '', 'reviedaksana@yahoo.com', 'A201150043', '', '', 'Griya Kebraon Selatan a/12-B Karangpilang, Surabaya', '', '', '', '0', '82334343445', '', '', '', '0', '', '0', '0', '0000-00-00 00:00:00'), ('621', '', 'Reza Manggus', '', 'rezamanggus@gmail.com', 'A101150208', '', '', 'Jl. P no.5 Tebet, Jakarta Selatan', '', '', '', '0', '81769889', '', '', '', '0', '', '0', '0', '0000-00-00 00:00:00'), ('622', '', 'Rezawan Hadinata, Ir', '', 'rezawanh@yahoo.com', 'A201150209', '', '', 'Gayungsari 10/52 RT01/05 Gayungan, Surabaya', '', '', '', '0', '818316390', '', '', '', '0', '', '0', '0', '0000-00-00 00:00:00'), ('623', '', 'Sugeng Terlaksana', '', 'ria_pretty82@yahoo.com', 'A201150095', '', '', 'P. Karya Bhakti Kencana Asri F-6 Gadingrejo, Pasuruan', '', '', '', '0', '81231824343', '', '', '', '0', '', '0', '0', '0000-00-00 00:00:00'), ('624', '', 'Syarifah Fitria Mahbuba', '', 'riaidrus22@gmail.com', 'A201150121', '', '', 'Jl. Kepiting no.18 Bangil', '', '', '', '0', '81222666472', '', '', '', '0', '', '0', '0', '0000-00-00 00:00:00'), ('625', '', 'Agustina', '', 'riamaagustinatobing@gmail.com', 'A101150124', '', '', 'Jl. Sunter Kemayoran No.4 Tanjung Priuk, Jakarta Utara', '', '', '', '0', '83898887898', '', '', '', '0', '', '0', '0', '0000-00-00 00:00:00'), ('626', '', 'Richard Octavianus', '', 'richard_oktavianus@yahoo.com', 'A101150188', '', '', 'Manukan Krido 5 blk 5-D/5 Tandes, Surabaya', '', '', '', '0', '81556662692', '', '', '', '0', '', '0', '0', '0000-00-00 00:00:00'), ('627', '', 'Rico Daniel Kanety', '', 'rico.kanety@gmail.com', 'A201150074', '', '', 'Puri Lidah Kulon Indah B-10 Lakarsantri, Surabaya', '', '', '', '0', '031 7526790', '', '', '', '0', '', '0', '0', '0000-00-00 00:00:00'), ('628', '', 'Rima Ardiyanti', '', 'rimaardiyanti@yahoo.com', 'A201150182', '', '', 'Jl. Gayungsari I no.3 Gayungan, Surabaya', '', '', '', '0', '818503953', '', '', '', '0', '', '0', '0', '0000-00-00 00:00:00'), ('629', '', 'Nur Rachman Houtaringga', '', 'ringga.ics@gmail.com', 'A201150037', '', '', 'Parkit Selatan no17 Sukun, Malang', '', '', '', '0', '83834688698', '', '', '', '0', '', '0', '0', '0000-00-00 00:00:00'), ('630', '', 'Rini Wiryawan', '', 'rini2redizakarya@gmail.com', 'A101150134', '', '', 'Pertokoan Mutiara Dupak, Jl. Dupak 63-B3 Surabaya', '', '', '', '0', '8123585470', '', '', '', '0', '', '0', '0', '0000-00-00 00:00:00'), ('631', '', 'Aditya Sabdo Adi', '', 'rio_rioo23@yahoo.co.id', 'A201150193', '', '', 'Jl. Siwalankerto No.128 RT 06/01 Wonocolo, Surabaya', '', '', '', '0', '81332233170', '', '', '', '0', '', '0', '0', '0000-00-00 00:00:00'), ('632', '', 'Risa Dian Septina', '', 'risa.ds@gmail.com', 'A101150135', '', '', 'Manyar Sedati Agung II no.52 Sedati, Sidoarjo', '', '', '', '0', '8175004406', '', '', '', '0', '', '0', '0', '0000-00-00 00:00:00'), ('633', '', 'Risanti Dea Sagita', '', 'risantideasagita@yahoo.com', 'A101150352', '', '', 'Pagesangan 4 Utara Lapangan 12, Surabaya', '', '', '', '0', '81216119290', '', '', '', '0', '', '0', '0', '0000-00-00 00:00:00'), ('634', '', 'Risna Dian Purnama', '', 'risna.dianpurnama@job-tomori.com', 'A101150155', '', '', 'Jl. Petung 19 F Papringan, Depok', '', '', '', '0', '8119111235', '', '', '', '0', '', '0', '0', '0000-00-00 00:00:00'), ('635', '', 'Ristiono', '', 'ristiono_ristiono@yahoo.com', 'A401150055', '', '', 'Perum Jenggolo asri N-01 Buduran, Sidoarjo', '', '', '', '0', '811345485', '', '', '', '0', '', '0', '0', '0000-00-00 00:00:00'), ('636', '', 'Riyadi Nugroho', '', 'riyadinug@yahoo.co.id', 'A201150218', '', '', 'Jl. Merak III/111 RT05/09 Wedoro, Waru, Sidoarjo', '', '', '', '0', '81357385917', '', '', '', '0', '', '0', '0', '0000-00-00 00:00:00'), ('637', '', 'Rodlotul Jannah', '', 'rjannah.rj@gmail.com', 'A201150150', '', '', 'Jl. Siwalankerto Utara I/2-A I Wonocolo, Surabaya', '', '', '', '0', '81330559556', '', '', '', '0', '', '0', '0', '0000-00-00 00:00:00'), ('638', '', 'Aulia Rahman ', '', 'rmn.rahman@gmail.com', 'A201150098', '', '', 'Perum Kartini City Home no.1 Sidomoro, Gresik', '', '', '', '0', '', '', '', '', '0', '', '0', '0', '0000-00-00 00:00:00'), ('639', '', 'Rohmy Husniah', '', 'rohmyhusniah@gmail.com', 'A401150063', '', '', 'Jl. Rajawali III/ MH-8 CKA Manyar, Gresik', '', '', '', '0', '81252781035', '', '', '', '0', '', '0', '0', '0000-00-00 00:00:00'), ('640', '', 'Ronny Wijayanto', '', 'ronnywijayanto69@yahoo.co.id', 'A101150227', '', '', 'Mulyosari Utara 2/23 Kalisari, Mulyorejo, Surabaya', '', '', '', '0', '81615289005', '', '', '', '0', '', '0', '0', '0000-00-00 00:00:00'), ('641', '', 'Rosita Indhira', '', 'rositaindhira99@gmail.com', 'A401150030', '', '', 'Jl. Dr. Sutomo no.99 Darmo, Wonokromo, Surabaya', '', '', '', '0', '8123265677', '', '', '', '0', '', '0', '0', '0000-00-00 00:00:00'), ('642', '', 'Rossa Yuhana', '', 'rossa.yohana@yahoo.com', 'A301150163', '', '', 'Sencaki I, Simolawang, Simokerto, Surabaya', '', '', '', '0', '81330373223', '', '', '', '0', '', '0', '0', '0000-00-00 00:00:00'), ('643', '', 'Roy Iskandar', '', 'roy.pusatkeramik@gmail.com', 'A101150233', '', '', 'Jl. M. Panjaitan Dalam 21-A Malang', '', '', '', '0', '8155557578', '', '', '', '0', '', '0', '0', '0000-00-00 00:00:00'), ('644', '', 'Roy Budiono', '', 'roybudiono@yahoo.com', 'A401150010', '', '', 'Klampis Semoro Barat X/L39 Semolowaru, Surabaya', '', '', '', '0', '81330639192', '', '', '', '0', '', '0', '0', '0000-00-00 00:00:00'), ('645', '', 'Roy Matondang', '', 'roymatondang@harpindo.com', 'A101150314', '', '', 'Jl. H no.3 Kebon Baru, Tebet, Jakarta Selatan', '', '', '', '0', '81288085537', '', '', '', '0', '', '0', '0', '0000-00-00 00:00:00'), ('646', '', 'Rudi Harianto', '', 'rudiharianto_87@yahoo.co.id', 'A101150301', '', '', 'Sidokapasan1/54 Surabaya', '', '', '', '0', '85852777801', '', '', '', '0', '', '0', '0', '0000-00-00 00:00:00'), ('647', '', 'Rudyanto Yaphar', '', 'rudyanto@dinetafieds.com', 'A101150334', '', '', 'Jl. Sunia Negara G. Bedugul Putih II/779 Pemogan, Denpasar Selatan', '', '', '', '0', '811388333', '', '', '', '0', '', '0', '0', '0000-00-00 00:00:00'), ('648', '', 'Rudy Santoso', '', 'rudysantoso.lawyer@yahoo.com', 'A201150008', '', '', 'Ruko Taman Kayon 46F, Jl. Embong kemiri Surabaya', '', '', '', '0', '8123508637', '', '', '', '0', '', '0', '0', '0000-00-00 00:00:00'), ('649', '', 'Hj. Ruffie', '', 'ruffie_farze@gmail.com', 'A301150125', '', '', 'Komp. Lotus Regency F-9, Jl. Ketintang Baru Selatan 1A, Gayungan, Surabaya', '', '', '', '0', '8127821852', '', '', '', '0', '', '0', '0', '0000-00-00 00:00:00'), ('650', '', 'Rendy Prabowo', '', 'runde_labu@yahoo.com', 'A301150126', '', '', 'Dukuh Kupang 10/7-9 Surabaya', '', '', '', '0', '', '', '', '', '0', '', '0', '0', '0000-00-00 00:00:00'), ('651', '', 'Rusdy Saputra', '', 'rusdy.saputra@gmail.com', 'A101150070', '', '', 'Jemursari Selatan I/22-B Surabaya', '', '', '', '0', '8123317878', '', '', '', '0', '', '0', '0', '0000-00-00 00:00:00'), ('652', '', 'Eko Riyanto', '', 'ryanesant@gmail.com', 'A401150008', '', '', 'Jl. Jaksa agung Suprapto 32 Sidoarjo', '', '', '', '0', '91357655988', '', '', '', '0', '', '0', '0', '0000-00-00 00:00:00'), ('653', '', 'Riben', '', 'ryben.154t@gmail.com', 'A501150010', '', '', 'Jl. Medan Merdeka Barat no21 (PT Indosat), Gambir, Jakarta', '', '', '', '0', '', '', '', '', '0', '', '0', '0', '0000-00-00 00:00:00'), ('654', '', 'Marina Nur Arifianna', '', 'ryna_2@yahoo.co.id', 'A501150002', '', '', 'Jl. Gn Sahari 8 no.31, RT 11/03 Gn Sahari Utara, Jakarta Pusat', '', '', '', '0', '8158797707', '', '', '', '0', '', '0', '4', '0000-00-00 00:00:00'), ('655', '', 'Ryza Indah Permatasari', '', 'ryzaindahp@gmail.com', 'A301150209', '', '', 'Jl. Wisma Permai Tengah blok BB 26 Surabaya', '', '', '', '0', '87775555015', '', '', '', '0', '', '0', '0', '0000-00-00 00:00:00'), ('656', '', 'Muhammad Safik', '', 'safikhadjkt@yahoo.com', 'A101150339', '', '', 'Pejaten Timur RT 12/01 Pasar Minggu, Jakarta Selatan', '', '', '', '0', '81905635188', '', '', '', '0', '', '0', '0', '0000-00-00 00:00:00'), ('657', '', 'Hendrik Bowo Kartiko', '', 'sakhandava@gmail.com', 'A501150028', '', '', 'OPTIK TUNGGAL PASAR BARU, Jakarta Pusat', '', '', '', '0', '81297190753', '', '', '', '0', '', '0', '4', '0000-00-00 00:00:00'), ('658', '', 'Sakti Dwi Mulyanto, Ir', '', 'sakti2001@gmail.com', 'A301150073', '', '', 'Graha Sunan Ampel A/11 Surabaya', '', '', '', '0', '81389195414', '', '', '', '0', '', '0', '0', '0000-00-00 00:00:00'), ('659', '', 'Ardyarika Widya Kartika', '', 'salesgunimachine95@gmail.com', 'A101150053', '', '', 'Taman Candi Loka B.12 Candi, Sidoarjo', '', '', '', '0', '87851548176', '', '', '', '0', '', '0', '0', '0000-00-00 00:00:00'), ('660', '', 'Octaviani Sandra Dewi', '', 'sandra.octa@gmail.com', 'A301150138', '', '', 'Dsn Sumbersari RT03/02 Tunggulsari, Kedungwaru, Tulungagung', '', '', '', '0', '85649461316', '', '', '', '0', '', '0', '0', '0000-00-00 00:00:00'), ('661', '', 'Sandra Rio', '', 'sandra@defamgroup.com', 'A101150325', '', '', 'Tmn. Magnolia A.10/27 Tambakharjo, Semarang Barat', '', '', '', '0', '8122912131', '', '', '', '0', '', '0', '0', '0000-00-00 00:00:00'), ('662', '', 'Tan Sandy Saputra', '', 'sandy.siung@yahoo.com', 'A101150212', '', '', 'Dusun Karang Anyar RT05/04 Balung, Jember', '', '', '', '0', '89699993392', '', '', '', '0', '', '0', '0', '0000-00-00 00:00:00'), ('663', '', 'Dedik Sugianto', '', 'sangtidar@yahoo.com', 'A401150014', '', '', 'Griya Candra Mas blok IJ/71 Sidoarjo', '', '', '', '0', '81703166733', '', '', '', '0', '', '0', '0', '0000-00-00 00:00:00'), ('664', '', 'Santi Dwi Purwijani', '', 'santiyuliawandi@yahoo.co.id', 'A101150378', '', '', 'Griya Taman Sari 2 no.20 Semampir, sedati, Juanda-Sidoarjo', '', '', '', '0', '8123505006', '', '', '', '0', '', '0', '0', '0000-00-00 00:00:00'), ('665', '', 'Andre Prayoga', '', 'santyherlina@hotmail.com', 'A101150132', '', '', 'Setro Baru 11/4 Tambak Sari, Surabaya', '', '', '', '0', '817371753', '', '', '', '0', '', '0', '6', '0000-00-00 00:00:00'), ('666', '', 'Sapto Wibowo D, IR', '', 'sapto@anekagas.com', 'A101150145', '', '', 'Komp. Jati Unggul no.7 Jati Mas III Harapan Jaya, Bekasi', '', '', '', '0', '8161477749', '', '', '', '0', '', '0', '8', '0000-00-00 00:00:00'), ('667', '', 'Sapto Haryanto', '', 'saptohariyanto13@gmail.com', 'A101150266', '', '', 'Jl. M. Duryat no.19 GUPO, Ngawi', '', '', '', '0', '817440249', '', '', '', '0', '', '0', '0', '0000-00-00 00:00:00'), ('668', '', 'Gunawan Wukirman', '', 'saranaputramental@hotmail.com', 'A301150127', '', '', 'Babatan Pantai Utara II/36 Surabaya', '', '', '', '0', '811349743', '', '', '', '0', '', '0', '0', '0000-00-00 00:00:00'), ('669', '', 'David Sartana', '', 'sartana79@yahoo.co.id', 'A401150029', '', '', 'Kendangsari TKP blok H/2 Tenggilis Mejoyo, Surabaya', '', '', '', '0', '81615023570', '', '', '', '0', '', '0', '0', '0000-00-00 00:00:00'), ('670', '', 'Ahmad Sauki', '', 'sauki@gmail.aerosia.co.id', 'A101150265', '', '', 'JL Perdagangan VI no 31 RT 07/07 Bintaaro, Pesanggrahan Jakarta Selatan', '', '', '', '0', '815601221', '', '', '', '0', '', '0', '0', '0000-00-00 00:00:00'), ('671', '', 'Ika Herawati', '', 'scorpie74@yahoo.com', 'A101150368', '', '', 'Jl. Cilemah abang B-G 4/34, Cikarang Baru', '', '', '', '0', '818735974', '', '', '', '0', '', '0', '0', '0000-00-00 00:00:00'), ('672', '', 'Ulfi Zuhla', '', 'sdm.ulfi@yahoo.com', 'A201150023', '', '', 'Perumahan Sapphire Regency blok E no.52 Purwokerto', '', '', '', '0', '81548807597', '', '', '', '0', '', '0', '0', '0000-00-00 00:00:00'), ('673', '', 'Cahyadi', '', 'sejati.cahaya@ymail.com', 'A201150016', '', '', 'Ngagel Madya V/112 Gubeng, Surabaya', '', '', '', '0', '031 5040347', '', '', '', '0', '', '0', '51', '0000-00-00 00:00:00'), ('674', '', 'Ni Luh Putu Sri Sejati', '', 'sejatidirgayasa@yahoo.com', 'A101150239', '', '', 'DSB. Delta Gardenia III/29 Waru Sidoarjo', '', '', '', '0', '81330458679', '', '', '', '0', '', '0', '0', '0000-00-00 00:00:00'), ('675', '', 'Drs.. Sembada Yogya Sunu', '', 'sembada.kbm@gmail.com', 'A101150008', '', '', 'Jagir Sidoresmo9/15-A Wonokromo, Surabaya', '', '', '', '0', '811372534', '', '', '', '0', '', '0', '0', '0000-00-00 00:00:00'), ('676', '', 'Senja Siti Saleha, SE', '', 'senja_ct@yahoo.com', 'A101150033', '', '', 'Jl. Brawijaya no.23 Kebonsari, Tuban', '', '', '', '0', '8562369347', '', '', '', '0', '', '0', '0', '0000-00-00 00:00:00'), ('677', '', 'Martha Dinatha', '', 'sensendarren1@gmail.com', 'A201150117', '', '', 'Kapas Gading Madya 3C no.14 Tambaksari, Surabaya', '', '', '', '0', '81234869001', '', '', '', '0', '', '0', '0', '0000-00-00 00:00:00'), ('678', '', 'Setia Adi Subekti', '', 'setiaadisubekti@yahoo.com', 'A301150089', '', '', 'Domas RT04/02 Menganti, Gresik', '', '', '', '0', '85745160001', '', '', '', '0', '', '0', '0', '0000-00-00 00:00:00'), ('679', '', 'Setio Bakti', '', 'setiobakti@yahoo.co.id', 'A401150099', '', '', 'Jl. Rungkut Barata IV - 18 Rungkut Menanggal, Gunung Anyar, Surabaya', '', '', '', '0', '817306007', '', '', '', '0', '', '0', '0', '0000-00-00 00:00:00'), ('680', '', 'Reny Nurdiana', '', 'shasimuntitus@yahoo.com', 'A101150051', '', '', 'BNI Jl. Tenggolo no.47 lt.51 Pucang, Sidoarjo', '', '', '', '0', '85231800975', '', '', '', '0', '', '0', '0', '0000-00-00 00:00:00'), ('681', '', 'Yuda Setyawan', '', 'shatya@dr.com', 'A201150097', '', '', 'Jl. Layur RT05/01 Bangil, Pasuruan', '', '', '', '0', '87754481748', '', '', '', '0', '', '0', '0', '0000-00-00 00:00:00'), ('682', '', 'Sherly Thoengriallu', '', 'sherly.thoeng@yahoo.com', 'A101150139', '', '', 'Four Seasons Residences RT07/03 Setia Budi, Jakarta Selatan', '', '', '', '0', '8170000616', '', '', '', '0', '', '0', '0', '0000-00-00 00:00:00'), ('683', '', 'Shiella', '', 'shiella_abelia@yahoo.com', 'A201150021', '', '', 'Babatan Pantai Utara X/48 Mulyorejo, Surabaya', '', '', '', '0', '81938264955', '', '', '', '0', '', '0', '0', '0000-00-00 00:00:00'), ('684', '', 'Sunardi Tjandra', '', 'shiong_master@yahoo.com', 'A101150372', '', '', 'Delta Fortuna 46, Perum Deltasari Baru, Waru, Sidoarjo', '', '', '', '0', '8121768442', '', '', '', '0', '', '0', '0', '0000-00-00 00:00:00'), ('685', '', 'Sulistyo', '', 'shoelicekao@yahoo.co.id', 'A301150058', '', '', 'Taman Pinang Indah H-1V/22 Lemahputro, Sidoarjo', '', '', '', '0', '81330124007', '', '', '', '0', '', '0', '0', '0000-00-00 00:00:00'), ('686', '', 'Yulius Sutjiono', '', 'shoot_young@yahoo.com', 'A401150104', '', '', 'Jl. Cintandui 16 Surabaya 60241', '', '', '', '0', '81331709010', '', '', '', '0', '', '0', '0', '0000-00-00 00:00:00'), ('687', '', 'Sian Tandiono Tan', '', 'sian.tandiono@yahoo.com', 'A401150025', '', '', 'Jl. Durian 3/482 Perum Pondok Candra Indah, Tambak Rejo, Waru, Sidoarjo', '', '', '', '0', '', '', '', '', '0', '', '0', '0', '0000-00-00 00:00:00'), ('688', '', 'Ayu Wijayanti', '', 'siantiwati@gmail.com', 'A201150130', '', '', 'Sutorejo Utara 10 no.5 Surabaya', '', '', '', '0', '818835592', '', '', '', '0', '', '0', '0', '0000-00-00 00:00:00'), ('689', '', 'Silvia Silvana', '', 'silviasilvana12@yahoo.com', 'A201150140', '', '', 'Jl. Hasanudin 3 no.4 Kedungwaru, Tulungagung', '', '', '', '0', '83846156162', '', '', '', '0', '', '0', '0', '0000-00-00 00:00:00'), ('690', '', 'Silvy Wahjudi', '', 'silvywahjudi@yahoo.com', 'A201150010', '', '', 'Perum Puri Teratai blok I/7 Jenggolo Asri Pagerwojo, Buduran, Sidoarjo', '', '', '', '0', '87853242478', '', '', '', '0', '', '0', '0', '0000-00-00 00:00:00'), ('691', '', 'Simons Soerjono', '', 'simso3r@gmail.com', 'A101150210', '', '', 'Kutisari Indah Utara I/46 Tenggilis Mejoyo, Surabaya', '', '', '', '0', '8123226155', '', '', '', '0', '', '0', '0', '0000-00-00 00:00:00'), ('692', '', 'Sisca Patricia Samantha', '', 'sisca@samaberkat.com', 'A201150072', '', '', '', '', '', '', '0', '82234438344', '', '', '', '0', '', '0', '0', '0000-00-00 00:00:00'), ('693', '', 'Pudji Siswanti', '', 'siswantipuji@yahoo.com', 'A101150005', '', '', 'Jl. Danau Tambingan GGE-10 Malang', '', '', '', '0', '85646408676', '', '', '', '0', '', '0', '0', '0000-00-00 00:00:00'), ('694', '', 'Fery Gunawan', '', 'sjlandroid2@gmail.com', 'A301150087', '', '', 'Kutisari Utara 50-A Kutisari, Tenggilis Mejoyo, Surabaya', '', '', '', '0', '8,12355E+11', '', '', '', '0', '', '0', '0', '0000-00-00 00:00:00'), ('695', '', 'Tjen Tjhiu Yen', '', 'ska.francisca@yahoo.com', 'A201150060', '', '', 'Jl. Terusan Sutami I/ no.41 Sukajadi, Bandung', '', '', '', '0', '816604522', '', '', '', '0', '', '0', '0', '0000-00-00 00:00:00'), ('696', '', 'Sabar Sopan Sianipar', '', 'sniper.sianipar433@gmail.com', 'A101150341', '', '', 'Pondok Sawah Indah blok G-13 Ciputat, Tangerang Selatan', '', '', '', '0', '81383592999', '', '', '', '0', '', '0', '0', '0000-00-00 00:00:00'), ('697', '', 'Jacky Suhanda', '', 'soehandalee@gmail.com', 'A501150031', '', '', 'Jl. Kamboja 30 Tomang, Jakarta Barat', '', '', '', '0', '87876305656', '', '', '', '0', '', '0', '0', '0000-00-00 00:00:00'), ('698', '', 'Soegiono Tedja', '', 'soepija@yahoo.com', 'A201150211', '', '', 'Darmokali 62-C RT04/03 Wonokromo, Surabaya', '', '', '', '0', '81217716556', '', '', '', '0', '', '0', '6', '0000-00-00 00:00:00'), ('699', '', 'Soetono Effendi Budi Utomo, Ir', '', 'soetono.effendi@gmail.com', 'A301150130', '', '', 'Gunungsari 1 Trem 14 Surabaya', '', '', '', '0', '8123077308', '', '', '', '0', '', '0', '0', '0000-00-00 00:00:00'), ('700', '', 'Agus Cahyono', '', 'sogabri_2007@yahoo.com', 'A101150048', '', '', 'Dsn Kranggan RT 01/02 Ngasem, Kediri', '', '', '', '0', '8159281893', '', '', '', '0', '', '0', '0', '0000-00-00 00:00:00'), ('701', '', 'Soim Sugito', '', 'soimsugito@gmail.com', 'A201150191', '', '', 'Jaya Regency C/22 Sedati, Sidoarjo', '', '', '', '0', '87853365252', '', '', '', '0', '', '0', '0', '0000-00-00 00:00:00'), ('702', '', 'Sonny Setiawan', '', 'sonisetiawanid@gmail.com', 'A101150129', '', '', 'Perum Banjarasri RT 35/03 Banjarbendo, Sidoarjo', '', '', '', '0', '81939885566', '', '', '', '0', '', '0', '0', '0000-00-00 00:00:00'), ('703', '', 'Stefanus Ferdyanto', '', 'stefanusferdyanto@yahoo.com', 'A201150057', '', '', 'Bungurasih Timur no. 9 Waru, Sidoarjo', '', '', '', '0', '8155055060', '', '', '', '0', '', '0', '0', '0000-00-00 00:00:00'), ('704', '', 'Alma S. W. Walukow', '', 'steff.walukow@gmail.com', 'A101150146', '', '', 'Jl. Nanas VII/615 PCI RT04/06 Waru Sidoarjo', '', '', '', '0', '81230771747', '', '', '', '0', '', '0', '0', '0000-00-00 00:00:00'), ('705', '', 'Sugiarto', '', 'stephen@agip.co.id', 'A101150082', '', '', 'Jl. Puri Indah BL-10 Suko, Sidoarjo', '', '', '', '0', '81833085', '', '', '', '0', '', '0', '0', '0000-00-00 00:00:00'), ('706', '', 'Hellen Suzahna Wastty', '', 'stevengunawan5674@gmail.com', 'A201150004', '', '', 'Puri Surya Jaya Taman Athena H3/29 Gedangan', '', '', '', '0', '87853288914', '', '', '', '0', '', '0', '0', '0000-00-00 00:00:00'), ('707', '', 'Sudianto Suhardjo', '', 'sudianto.suhardjo@yahoo.com', 'A201150090', '', '', 'Jl. Raya Gempol pasuruan KM37, Gempol', '', '', '', '0', '811951887', '', '', '', '0', '', '0', '0', '0000-00-00 00:00:00'), ('708', '', 'Achmad Sufan Jaya', '', 'sufanjaya@yahoo.com', 'A101150263', '', '', 'Jl Balikpapan I/14GKB RT 01/10 Manyar Gresik', '', '', '', '0', '8113650198', '', '', '', '0', '', '0', '0', '0000-00-00 00:00:00'), ('709', '', 'Sukri', '', 'sukri.ch@gmail.com', 'A101150204', '', '', 'Pantai Mentari blok B-19 Kenjeran, Bulak, Surabaya', '', '', '', '0', '817320612', '', '', '', '0', '', '0', '0', '0000-00-00 00:00:00'), ('710', '', 'Sukri', '', 'sukri.ch2@gmail.com', 'A401150004', '', '', 'Mulyosari Utara no.52 Mulyorejo, Surabaya', '', '', '', '0', '811320612', '', '', '', '0', '', '0', '0', '0000-00-00 00:00:00'), ('711', '', 'Sunyopringgo', '', 'sunyopringgo@yahoo.com', 'A401150031', '', '', 'Palm Spring Regency F-30 Jambangan, Surabaya', '', '', '', '0', '8129364997', '', '', '', '0', '', '0', '0', '0000-00-00 00:00:00'), ('712', '', 'Supri Harianto', '', 'supriharianto@untag-sby.ac.id', 'A201150222', '', '', 'Jl. Semolowaru 45 Surabaya', '', '', '', '0', '81332265633', '', '', '', '0', '', '0', '0', '0000-00-00 00:00:00'), ('713', '', 'Surya Wachid Diana', '', 'suryadiana88@yahoo.co..id', 'A401150079', '', '', 'Perumdam TA 71 Krian RT23/07 Sidoarjo', '', '', '', '0', '81330220320', '', '', '', '0', '', '0', '0', '0000-00-00 00:00:00'), ('714', '', 'Suryono Pane, SH', '', 'suryono.pane@yahoo.com', 'A201150088', '', '', 'Gunung Gangsir RT01/06 Beji, Pasuruan', '', '', '', '0', '81216658585', '', '', '', '0', '', '0', '0', '0000-00-00 00:00:00'), ('715', '', 'Reny Dwi Susanti', '', 'susanti.reny@rocketmail.com', 'A101150303', '', '', 'Simolawang Baru no.7 Simokerto, Surabaya', '', '', '', '0', '83830254386', '', '', '', '0', '', '0', '0', '0000-00-00 00:00:00'), ('716', '', 'Susianto Darmawan', '', 'susianto_d@yahoo.com', 'A301150080', '', '', 'Komplek Intan Regency blok L-13 Tarogong, Garut', '', '', '', '0', '815708360', '', '', '', '0', '', '0', '0', '0000-00-00 00:00:00'), ('717', '', 'Y. M. Susilowati Wacanno', '', 'susilowati.ym@gmail.com', 'A401150017', '', '', 'Granit Kumala 4.2/4 KBD RT02/15 Petiken, Driyorejo, Gresik', '', '', '', '0', '81553939445', '', '', '', '0', '', '0', '0', '0000-00-00 00:00:00'), ('718', '', 'Mahda Syaikhoni Suprapto', '', 'syai_khoni04@yahoo.com', 'A101150375', '', '', 'GDC. Cluster Puri Insani 2 BlokA.3 no.12A Jatimulya, Cilodong, Depok', '', '', '', '0', '81328373443', '', '', '', '0', '', '0', '0', '0000-00-00 00:00:00'), ('719', '', 'Syaifullah Mahdi, SH.MM', '', 'syaifullahmahdi@gmail.com', 'A101150064', '', '', 'Ds. Pangkahwetan RT1/9 Ujungpangkah, Gresik', '', '', '', '0', '81357288870', '', '', '', '0', '', '0', '0', '0000-00-00 00:00:00'), ('720', '', 'Suci Nik Rahayu', '', 'syarifahf96@yahoo.com', 'A101150107', '', '', 'Desa Tanggul Wonoayu RT05/02 Sidoarjo', '', '', '', '0', '85731521524', '', '', '', '0', '', '0', '0', '0000-00-00 00:00:00'), ('721', '', 'DR. Syarwani', '', 'syarwani_rsai@yahoo.com', 'A301150012', '', '', 'Nyamplungan 4/34 Semampir, Surabaya', '', '', '', '0', '81330701917', '', '', '', '0', '', '0', '6', '0000-00-00 00:00:00'), ('722', '', 'Tika Anjani', '', 't1kaa@hotmail.com', 'A201150032', '', '', 'Wisata Bukit Mas II blok i8 /27 Surabaya', '', '', '', '0', '81803151372', '', '', '', '0', '', '0', '0', '0000-00-00 00:00:00'), ('723', '', 'Tanto Barnowo', '', 'tanggouse@gmail.com', 'A301150056', '', '', 'Jl. Harmoni D-5 Graha Estetika, Banyumanik, Semarang', '', '', '', '0', '81803245872', '', '', '', '0', '', '0', '0', '0000-00-00 00:00:00'), ('724', '', 'Tanti Astuti', '', 'tantiastuti@yahoo.com', 'A301150013', '', '', 'Perum Pasar Wisata blok B 1/18 Tanggulangin, Sidoarjo', '', '', '', '0', '81332806003', '', '', '', '0', '', '0', '0', '0000-00-00 00:00:00'), ('725', '', 'Edwin Hartono', '', 'tarantulay2k@gmail.com', 'A301150178', '', '', 'Villa Sentra Raya A2-56 Sambikerep, Surabaya', '', '', '', '0', '82131968888', '', '', '', '0', '', '0', '0', '0000-00-00 00:00:00'), ('726', '', 'Pradana Boy ZTF', '', 'tata.failasufa@gmail.com', 'A101150114', '', '', 'Jl. Tirto Taruno Gg 9 n0.3C Dali, Malang', '', '', '', '0', '81336036312', '', '', '', '0', '', '0', '0', '0000-00-00 00:00:00'), ('727', '', 'Fatchur Rochim, S.Kom', '', 'tata.rie@yahoo.com', 'A101150337', '', '', 'Rungkut Harapan blok I/13 Rungkut, Surabaya', '', '', '', '0', '8155190168', '', '', '', '0', '', '0', '0', '0000-00-00 00:00:00'), ('728', '', 'Taufik Hidayat', '', 'taufik.hidayat@indomilk.com', 'A201150166', '', '', 'Dusun Sukun RT03/08 Sumber Gedang, Pandaan, Pasuruan', '', '', '', '0', '', '', '', '', '0', '', '0', '0', '0000-00-00 00:00:00'), ('729', '', 'Muhammad Taufiq, SH, MH', '', 'taufiq.tm@gmail.com', 'A401150095', '', '', 'Dsn. Kwangen Pulorejo Ngoro, Jombang', '', '', '', '0', '8165454340', '', '', '', '0', '', '0', '0', '0000-00-00 00:00:00'), ('730', '', 'Teddy Hartono', '', 'teddy3077@gmail.com', 'A101150288', '', '', 'Imam Bonjol 140 Sekayu, Semarang Tengah', '', '', '', '0', '8112900058', '', '', '', '0', '', '0', '0', '0000-00-00 00:00:00'), ('731', '', 'Sthemi', '', 'temi8085@yahoo.co.id', 'A201150025', '', '', 'Royal Residences blok C02 no.69 Wiyung, Surabaya Barat', '', '', '', '0', '811788198', '', '', '', '0', '', '0', '0', '0000-00-00 00:00:00'), ('732', '', 'Danang Setiawan', '', 'tharositarita@yahoo.com', 'A101150081', '', '', 'Kaliwungu RT02/02 Kaliwungu, Kebumen', '', '', '', '0', '83867652999', '', '', '', '0', '', '0', '0', '0000-00-00 00:00:00'), ('733', '', 'Anastasia Dessy Virdiana', '', 'theyshe_virdiana@yahoo.com', 'A201150186', '', '', 'Wisma Permai 9/18 RT05/05 Mulyorejo, Surabaya', '', '', '', '0', '81703655576', '', '', '', '0', '', '0', '0', '0000-00-00 00:00:00'), ('734', '', 'Theresia Fanny', '', 'thfanny90@yahoo.com', 'A201150050', '', '', 'Bulak Rukem Timur 1/85 Bulak, Surabaya', '', '', '', '0', '81230320331', '', '', '', '0', '', '0', '0', '0000-00-00 00:00:00'), ('735', '', 'Sutikno', '', 'tikno@eepis_its.edv', 'A101150071', '', '', 'Jagir Sidoresmo 8/9 Jagir, Wonokromo, Surabaya', '', '', '', '0', '85732748225', '', '', '', '0', '', '0', '0', '0000-00-00 00:00:00'), ('736', '', 'Taufik Efendi', '', 'timotius.efendi@yahoo.com', 'A201150024', '', '', 'Jl. Sedati Agung II no. 9 Sidoarjo', '', '', '', '0', '8123560763', '', '', '', '0', '', '0', '0', '0000-00-00 00:00:00'), ('737', '', 'Shinta Lamria', '', 'tirzara.narwatsu@gmail.com', 'A301150109', '', '', 'Jl. RS Fatmawati no.5 Pondok Labu, Cilandak, Jakarta Selatan', '', '', '', '0', '8124812520', '', '', '', '0', '', '0', '0', '0000-00-00 00:00:00'), ('738', '', 'Ko ivan', '', 'titianivan@yahoo.com', 'A301150102', '', '', 'Jl. Taman Jemursari Selatan no.15 Wonocolo, Surabaya', '', '', '', '0', '816536600', '', '', '', '0', '', '0', '0', '0000-00-00 00:00:00'), ('739', '', 'Titis Budidyahmarlina', '', 'titis.oshin@yahoo.com', 'A201150035', '', '', 'Jl. Manukan Sari 3 blok 3G/7 Tandes, Surabaya', '', '', '', '0', '8,59326E+11', '', '', '', '0', '', '0', '0', '0000-00-00 00:00:00'), ('740', '', 'Yuli Mariani Soehardjo', '', 'tjengyuli@yahoo.com', 'A301150159', '', '', 'Perum Puri Safika blok 52 no.38 Menganti, Gresik', '', '', '', '0', '8123245169', '', '', '', '0', '', '0', '0', '0000-00-00 00:00:00'), ('741', '', 'Mulyono Taufiq Ridwan', '', 'to_picks@yahoo.co.id', 'A401150032', '', '', 'Joyograno Q15 Malang', '', '', '', '0', '8125208521', '', '', '', '0', '', '0', '0', '0000-00-00 00:00:00'), ('742', '', 'Tommy Ongko Wijoyo', '', 'tommywong.ace@gmail.com', 'A201150145', '', '', 'Tempel Sukorejo 1/48 Surabaya', '', '', '', '0', '81230611117', '', '', '', '0', '', '0', '0', '0000-00-00 00:00:00'), ('743', '', 'Tony Indrayanto', '', 'toni.bppd@gmail.com', 'A101150078', '', '', 'Jl. H. Permai AH-7 Gedangan, Sidoarjo', '', '', '', '0', '81357999945', '', '', '', '0', '', '0', '0', '0000-00-00 00:00:00'), ('744', '', 'Totok Yulianto', '', 'totok_yulianto@yahoo.com', 'A401150112', '', '', 'Taman Pinang Indah H-IV/12 Lemahputro, Sidoarjo', '', '', '', '0', '8123591909', '', '', '', '0', '', '0', '0', '0000-00-00 00:00:00'), ('745', '', 'Toufik Nur Hidayah', '', 'toufik.snmedika@yahoo.co.id', 'A201150154', '', '', 'Damar Utara 3 no.200 Banyumanik, Semarang', '', '', '', '0', '81342345015', '', '', '', '0', '', '0', '0', '0000-00-00 00:00:00'), ('746', '', 'Fenda Y Sahetapy', '', 'tour_subpactoltd.@yahoo.com', 'A401150026', '', '', 'Basuki Rahmat 106-128 Surabaya (Hotel Bumi Surabaya)', '', '', '', '0', '81999557550', '', '', '', '0', '', '0', '0', '0000-00-00 00:00:00'), ('747', '', 'Antares Hanaedi II', '', 'toxicm58@yahoo.co.id', 'A301150136', '', '', 'Wonorejo Permai TMR VII/19 Surabaya', '', '', '', '0', '8113113490', '', '', '', '0', '', '0', '0', '0000-00-00 00:00:00'), ('748', '', 'Tratas Angger Darma', '', 'tratasangger89@gmail.com', 'A401150103', '', '', 'Kedung Tarukan I/22 Pacar Kembang, Tambak Sari, Surabaya', '', '', '', '0', '81331144253', '', '', '', '0', '', '0', '0', '0000-00-00 00:00:00'), ('749', '', 'Prasentari Agus Woro Sari, DRA', '', 'trihari.wijayayanto@yahoo.co.id', 'A401150097', '', '', 'Perum Gading Fajar A3/14  RT16/05 Siwalan Panji, Buduran, Sidoarjo', '', '', '', '0', '81330789788', '', '', '', '0', '', '0', '0', '0000-00-00 00:00:00'), ('750', '', 'Tri Lila Yuni Susanti, A.MD', '', 'trililayunisusanti@yahoo.co.id', 'A101150342', '', '', 'KaliKepiting Jaya 5/35 Tambak Sari, Surabaya', '', '', '', '0', '87851976153', '', '', '', '0', '', '0', '0', '0000-00-00 00:00:00'), ('751', '', 'Tri Novidianto', '', 'trinovidianto@yahoo.co.id', 'A101150187', '', '', 'Perum Bluru Permai FD-28 Bloro Kidul, Sidoarjo', '', '', '', '0', '8563387787', '', '', '', '0', '', '0', '0', '0000-00-00 00:00:00'), ('752', '', 'Sutrisno', '', 'trisno_rw@yahoo.com', 'A301150191', '', '', 'Permata Biru I-11 Pesantren, Kediri', '', '', '', '0', '81233451188', '', '', '', '0', '', '0', '0', '0000-00-00 00:00:00'), ('753', '', 'H. Asron', '', 'triyassaifudin@yahoo.com', 'A101150108', '', '', 'Dk. Duwet RT03/01 Cepiring, Kendal', '', '', '', '0', '81326505319', '', '', '', '0', '', '0', '0', '0000-00-00 00:00:00'), ('754', '', 'Handaru Mahendra Kirana, A.Md', '', 'tted1908@gmail.com', 'A101150258', '', '', 'Pacarkeling 7/25 Tambak Sari, Surabaya', '', '', '', '0', '85648972558', '', '', '', '0', '', '0', '0', '0000-00-00 00:00:00'), ('755', '', 'Tyas (Ana Prasetya Ningtyas)', '', 'tyas_sheiva@yahoo.com', 'A101150080', '', '', 'Ngepung 001/004 Rejosari, Deket, Lamongan', '', '', '', '0', '85233316138', '', '', '', '0', '', '0', '0', '0000-00-00 00:00:00'), ('756', '', 'Ulfat Fuad', '', 'ulfatbalbeid@gmail.com', 'A101150330', '', '', 'Kenongo RT05/02 Tulangan, Sidoarjo', '', '', '', '0', '8123261564', '', '', '', '0', '', '0', '0', '0000-00-00 00:00:00'), ('757', '', 'Umi Julaikah', '', 'umijulaikah@yahoo.com', 'A101150201', '', '', 'Perum Giri Asri blok AC-09 Kebomas, Gresik', '', '', '', '0', '81216982124', '', '', '', '0', '', '0', '0', '0000-00-00 00:00:00'), ('758', '', 'Umar Faruk', '', 'umr_faruk@yahoo.co.id', 'A201150128', '', '', 'Kragan RT08/02 Gedangan, Sidoarjo', '', '', '', '0', '81330481975', '', '', '', '0', '', '0', '0', '0000-00-00 00:00:00'), ('759', '', 'Upik Malahayati, S.PSI', '', 'upikmalahayati@gmail.com', 'A101150317', '', '', 'Dukuh Kupang Timur 13/81 Surabaya', '', '', '', '0', '81335824777', '', '', '', '0', '', '0', '0', '0000-00-00 00:00:00'), ('760', '', 'Pudjiono', '', 'upudjiono@ymail.com', 'A201150058', '', '', 'Jl. Tugu Payung Gg. Balai desa mojodeso, Kapas, Bojonegoro', '', '', '', '0', '81330749997', '', '', '', '0', '', '0', '9', '0000-00-00 00:00:00'), ('761', '', 'DRG. Ratu Umanah, MM', '', 'uum.queen@yahoo.com', 'A101150198', '', '', 'Jl. Malaka II/8 no.74 Duren Sawit, Jakarta', '', '', '', '0', '85210181896', '', '', '', '0', '', '0', '0', '0000-00-00 00:00:00'), ('762', '', 'Elyawati', '', 'valenciaeliawati@yahoo.com', 'A101150106', '', '', 'Kp. Jeruk Kingkit 334 Kranggan, Semarang', '', '', '', '0', '8562693222', '', '', '', '0', '', '0', '0', '0000-00-00 00:00:00'), ('763', '', 'Vanda Setiangga', '', 'vanda.setiangga@gmail.com', 'A201150093', '', '', 'Berbek Bandongan I/01 Waru, Sidoarjo', '', '', '', '0', '85648195189', '', '', '', '0', '', '0', '0', '0000-00-00 00:00:00'), ('764', '', 'RR Okivani Andryati', '', 'vanioki1710@gmail.com', 'A401150100', '', '', 'Pondok Mutiara SA-20 Banjarbendo, Sidoarjo', '', '', '', '0', '81359008778', '', '', '', '0', '', '0', '0', '0000-00-00 00:00:00'), ('765', '', 'Vardianto', '', 'vardianto13@yahoo.co.id', 'A201150056', '', '', 'Ronggowarsito Tengah 3 Darmo, Wonokromo, Surabaya', '', '', '', '0', '817397185', '', '', '', '0', '', '0', '0', '0000-00-00 00:00:00'), ('766', '', 'Novel', '', 'vellise@yahoo.co.id', 'A201150178', '', '', 'Juanda Regency blok F-21 RT61/06 Pabean Sejati, Sidoarjo', '', '', '', '0', '8113340817', '', '', '', '0', '', '0', '0', '0000-00-00 00:00:00'), ('767', '', 'Veni Yuanita', '', 'veniyuanita84@gmail.com', 'A201150017', '', '', 'Jl. Basuki Rahmat no.9-10 Mimbaan, Panji, Situbondo', '', '', '', '0', '0338 670507', '', '', '', '0', '', '0', '0', '0000-00-00 00:00:00'), ('768', '', 'Berliani Widjaja', '', 'veranica.liani@gmail.com', 'A101150050', '', '', 'Tmn Meruya Ilir Blok G-3/11 Kembangan, Jakarta Barat', '', '', '', '0', '81905530242', '', '', '', '0', '', '0', '0', '0000-00-00 00:00:00'), ('769', '', 'Riyadi', '', 'veri_yadi@yahoo.com', 'A101150110', '', '', 'Ds. Kebokura RT02/02 Banyumas, Jawa Tengah', '', '', '', '0', '82138021319', '', '', '', '0', '', '0', '0', '0000-00-00 00:00:00'), ('770', '', 'V. Adyani Eko Wardhani', '', 'veronika.adyani@gmail.com', 'A101150293', '', '', 'Jl. Kemiri Timur gang I Sidorejo, Salatiga', '', '', '', '0', '81392721771', '', '', '', '0', '', '0', '0', '0000-00-00 00:00:00'), ('771', '', 'Victor Ary Subekti', '', 'vics2609@gmail.com', 'A201150062', '', '', 'Legenda Wisata Picasso K.18/15 Gunung Putri, Bogor', '', '', '', '0', '8,13859E+11', '', '', '', '0', '', '0', '0', '0000-00-00 00:00:00'), ('772', '', 'Victoria', '', 'victoria.cantiq@yahoo.co.id', 'A201150162', '', '', 'PSJ Taman Vancouver J13/02 Gedangan, Sidoarjo', '', '', '', '0', '87841027391', '', '', '', '0', '', '0', '0', '0000-00-00 00:00:00'), ('773', '', 'Tjio Frankie', '', 'victorymoto1@gmail.com', 'A301150042', '', '', 'Tambak Sari no.64 Tambak Sari, Surabaya', '', '', '', '0', '81230679927', '', '', '', '0', '', '0', '0', '0000-00-00 00:00:00'), ('774', '', 'Vita Wijayanti', '', 'vita_sentrifugal@yahoo.co.id', 'A201150136', '', '', 'Grand Semanggi Resident D7 Rungkut, Surabaya', '', '', '', '0', '81330378699', '', '', '', '0', '', '0', '0', '0000-00-00 00:00:00'), ('775', '', 'Sri Ulina Vivinenda S', '', 'vivinenda@yahoo.com', 'A301150217', '', '', 'Jl. Jayanegara Jetis RT02/06 Puri, Mojokerto', '', '', '', '0', '8563045702', '', '', '', '0', '', '0', '0', '0000-00-00 00:00:00'), ('776', '', 'Vivin Puspita Sari K.', '', 'vivinpitasari@gmail.com', 'A101150312', '', '', 'Jl. Raya Diponegoro RT04/02 Bululawang, Malang', '', '', '', '0', '81555860311', '', '', '', '0', '', '0', '0', '0000-00-00 00:00:00'), ('777', '', 'Moch. Wahjudi', '', 'wahyudi1595@gmail.com', 'A101150068', '', '', 'Ketintang Madya V/30-B Jambangan, Surabaya', '', '', '', '0', '81216623767', '', '', '', '0', '', '0', '0', '0000-00-00 00:00:00'), ('778', '', 'Wahyu Gia Uliantoro', '', 'wahyugia@yahoo.com', 'A101150197', '', '', 'GG. Muncang no.20 Regol, Bandung', '', '', '', '0', '8122003095', '', '', '', '0', '', '0', '0', '0000-00-00 00:00:00'), ('779', '', 'Alcham Zarkham', '', 'wahyuni.alhou@yahoo.com', 'A301150135', '', '', 'YKP. Pandugo 2/O-14 Penjaringan Sari, Rungkut, Surabaya', '', '', '', '0', '81331666139', '', '', '', '0', '', '0', '0', '0000-00-00 00:00:00'), ('780', '', 'Wanda Ardianto, S.FARM, APT', '', 'wandajapa@gmail.com', 'A101150153', '', '', 'Bluru Permai CV I/01 BluruKidul, Sidoarjo', '', '', '', '0', '81232211980', '', '', '', '0', '', '0', '0', '0000-00-00 00:00:00'), ('781', '', 'Warjendro Pamungkas', '', 'warjendro@yahoo.com', 'A101150122', '', '', 'Jl. Semeru no.41 Sidomukti, Salatiga', '', '', '', '0', '8122815643', '', '', '', '0', '', '0', '0', '0000-00-00 00:00:00'), ('782', '', 'Wellem Mintarja', '', 'wellem_mintarja@lawfir,com', 'A301150007', '', '', 'Desa blimbing RT05/03 Paciran, Lamongan', '', '', '', '0', '81217000969', '', '', '', '0', '', '0', '0', '0000-00-00 00:00:00'), ('783', '', 'Ari Priatmoko, SE', '', 'wellercadd@gmail.com', 'A101150300', '', '', 'Ikan Lumba Lumba 19 Krembangan, Surabaya', '', '', '', '0', '81232950960', '', '', '', '0', '', '0', '0', '0000-00-00 00:00:00'), ('784', '', 'Wendy Clara Cornelia Palapessy', '', 'wendyclaracp@yahoo.co.id', 'A401150075', '', '', 'Griya Kebraon K-18 RT02/12 Kebraon, KarangPilang, Surabaya', '', '', '', '0', '8123034573', '', '', '', '0', '', '0', '0', '0000-00-00 00:00:00'), ('785', '', 'Purwoko, SH, SE, MM', '', 'whoko.g.fie@gmail.com', 'A201150135', '', '', 'Balongan Gg. Sawah No.2 Magersari, Mojokerto', '', '', '', '0', '81237877000', '', '', '', '0', '', '0', '0', '0000-00-00 00:00:00'), ('786', '', 'Nina Marlina', '', 'wibowo_7@yahoo.com', 'A101150345', '', '', 'Jl. Lamtana I blok DI/01 rawalumbu, Bekasi', '', '', '', '0', '8111550425', '', '', '', '0', '', '0', '0', '0000-00-00 00:00:00'), ('787', '', 'Deby W.', '', 'wiby.04ed@gmail.com', 'A101150168', '', '', 'Jl Mastrip Dusun Gunung no 38 Bulu Pinggir, Karang Pilang, Surabaya', '', '', '', '0', '81703322712', '', '', '', '0', '', '0', '0', '0000-00-00 00:00:00'), ('788', '', 'Pramudya Wicaksana', '', 'wicaksana-pramudya@yahoo.com', 'A401150096', '', '', 'Kademangan Mojoagung RT05/02 Jombang', '', '', '', '0', '8123129328', '', '', '', '0', '', '0', '0', '0000-00-00 00:00:00'), ('789', '', 'Andreas Widjaja, ST', '', 'widjajaandreas@gmail.com', 'A301150110', '', '', 'Palm Raya Jambangan Barat Blok A-55 Jambangan, Surabaya', '', '', '', '0', '87880125350', '', '', '', '0', '', '0', '0', '0000-00-00 00:00:00'), ('790', '', 'Yuanita Kristiani', '', 'widodohardjowibowo@yahoo.com', 'A101150010', '', '', 'Manyar Jaya 7/10 Surabaya', '', '', '', '0', '8165451199', '', '', '', '0', '', '0', '0', '0000-00-00 00:00:00'), ('791', '', 'William Sa\'Pang Bandaso', '', 'williambandasoo@gmail.com', 'A101150061', '', '', 'Jl. Ir. Soekarno Pasangkayu, Mamuju Utara, Sulawesi Barat', '', '', '', '0', '85394640135', '', '', '', '0', '', '0', '0', '0000-00-00 00:00:00'), ('792', '', 'Willy Angga', '', 'willyangga2107@gmail.com', 'A301150001', '', '', 'D. Husada Indah Timur 14/J-95 Mulyorejo, Surabaya', '', '', '', '0', '817877707', '', '', '', '0', '', '0', '0', '0000-00-00 00:00:00'), ('793', '', 'Wimar Adi Wismoyo', '', 'wimar_adiw@yahoo.com', 'A301150085', '', '', 'Gading Fajar B12/11 Siwalanpanji, Sidoarjo', '', '', '', '0', '81357417898', '', '', '', '0', '', '0', '0', '0000-00-00 00:00:00'), ('794', '', 'Winanto Yohan Yong', '', 'winantoyohan@ymail.com', 'A101150284', '', '', 'Perum Unimas Garden D-18 Waru, Sidoarjo', '', '', '', '0', '8123000795', '', '', '', '0', '', '0', '0', '0000-00-00 00:00:00'), ('795', '', 'Sherwin Tjan', '', 'winswing@gmail.com', 'A401150057', '', '', 'Darmo Permai Timur 14 no.1 Dukuh Pakis, Surabaya', '', '', '', '0', '81233766300', '', '', '', '0', '', '0', '0', '0000-00-00 00:00:00'), ('796', '', 'Hari Setyowati', '', 'wirawan.leosasih@gmail.com', 'A301150079', '', '', 'Perum. Karanglo Indah H-03 Balejosari, Blimbing, Malang', '', '', '', '0', '82112607703', '', '', '', '0', '', '0', '0', '0000-00-00 00:00:00'), ('797', '', 'Kodrat Wisnu wardana', '', 'wisnu.wardana@id.abb.com', 'A401150002', '', '', 'Graha Suryanata Blok I2 no.18 Pakal, Surabaya', '', '', '', '0', '81357746581', '', '', '', '0', '', '0', '0', '0000-00-00 00:00:00'), ('798', '', 'Wiratno', '', 'wiwied@multigun.ip.co.id', 'A101150175', '', '', 'Griya Benowo Indah 6/4 Surabaya', '', '', '', '0', '83830870890', '', '', '', '0', '', '0', '0', '0000-00-00 00:00:00'), ('799', '', 'Wiwiek Anggraeni Mulyono', '', 'wiwieka@bercacakra.com', 'A101150323', '', '', 'Wisma Kedung asem Indah N-32 Rungkut, Surabaya', '', '', '', '0', '81931543128', '', '', '', '0', '', '0', '0', '0000-00-00 00:00:00'), ('800', '', 'Wiwik Sulistyorini', '', 'wiwiksulistyorini.13@gmail.com', 'A401150076', '', '', 'Kalijaten IA 96 RT07/02 Kalijaten, Taman, Sidoarjo', '', '', '', '0', '81332615434', '', '', '', '0', '', '0', '0', '0000-00-00 00:00:00'), ('801', '', 'Junius', '', 'wmisbyo@gmail.com', 'A201150044', '', '', 'Kutilang 17, Surabaya', '', '', '', '0', '031 70502768', '', '', '', '0', '', '0', '0', '0000-00-00 00:00:00'), ('802', '', 'Widi Prihatna', '', 'wprihatna@gmail.com', 'A101150245', '', '', 'Jl. Pulo Giri Selatan VII blok A1/220 Pekayon Jaya, Bekasi', '', '', '', '0', '87823678023', '', '', '', '0', '', '0', '0', '0000-00-00 00:00:00'), ('803', '', 'Kholiq Wicaksono', '', 'wskholiq@gmail.com', 'A101150090', '', '', 'Jagir Sidoresmo 7/147-A Surabaya', '', '', '', '0', '8124985040', '', '', '', '0', '', '0', '0', '0000-00-00 00:00:00'), ('804', '', 'Anggrina Primandini', '', 'www.dini@yahoo.co.id', 'A101150031', '', '', 'Rungkut Barata XIX/7 Gunung Anyar, Surabaya', '', '', '', '0', '8563228874', '', '', '', '0', '', '0', '0', '0000-00-00 00:00:00'), ('805', '', 'Christina Alexander', '', 'x_tin9@hotmail.com', 'A201150110', '', '', 'Villa Dieng E no.12 Malang', '', '', '', '0', '83849251252', '', '', '', '0', '', '0', '0', '0000-00-00 00:00:00'), ('806', '', 'Yunita', '', 'xh_halim@yahoo.com', 'A101150152', '', '', 'Jl. KH. Dewantara 124 Krian, Sidoarjo', '', '', '', '0', '811325841', '', '', '', '0', '', '0', '0', '0000-00-00 00:00:00'), ('807', '', 'Yafet Priyo Sudarmo', '', 'yafetsudarmo@gmail.com', 'A101150302', '', '', 'Jl. Arif Rahman Hakim 94 Kepatihan Kulon, Jebres, Surakarta', '', '', '', '0', '87812750377', '', '', '', '0', '', '0', '0', '0000-00-00 00:00:00'), ('808', '', 'Nico Sudargo', '', 'yamauchi_antonio@yahoo.com', 'A101150182', '', '', 'Kawatan V/4 Bubutan, Surabaya', '', '', '', '0', '82244668878', '', '', '', '0', '', '0', '0', '0000-00-00 00:00:00'), ('809', '', 'Yan Efrata Sembiring', '', 'yanefratas@yahoo.com', 'A401150113', '', '', 'Villa Bukit Mas SB 12 Dukuh Pakis, Surabaya', '', '', '', '0', '81357309324', '', '', '', '0', '', '0', '0', '0000-00-00 00:00:00'), ('810', '', 'Ni Nyoman Wiryanti Yasa, SE', '', 'yanti_eod99@yahoo.com', 'A101150213', '', '', 'Jl. Sakura IV /2B/link Kerta Buana', '', '', '', '0', '87862240009', '', '', '', '0', '', '0', '0', '0000-00-00 00:00:00'), ('811', '', 'Yanti Sutejo', '', 'yantichen85@yahoo.co.id', 'A201150179', '', '', 'Lebak Permai I Utara 40 Surabaya', '', '', '', '0', '81217237435', '', '', '', '0', '', '0', '0', '0000-00-00 00:00:00'), ('812', '', 'Jap Chen Chen', '', 'yapchenchen@yahoo.com', 'A101150248', '', '', 'Wonorejo Permai Sel. 4/56 Rungkut, Surabaya', '', '', '', '0', '81332260608', '', '', '', '0', '', '0', '0', '0000-00-00 00:00:00'), ('813', '', 'Yakub Setiawan', '', 'yapsi03@gmail.com', 'A101150380', '', '', 'Jl. Mahameru VE 5 no.1 Malang', '', '', '', '0', '81332323636', '', '', '', '0', '', '0', '0', '0000-00-00 00:00:00'), ('814', '', 'Yearry', '', 'yearry_chibonz010182@yahoo.com', 'A501150035', '', '', 'Jl. Setia Kawan VI no.32 Duri Pulo, Gambir, Jakarta Pusat 10140', '', '', '', '0', '81286848855', '', '', '', '0', '', '0', '0', '0000-00-00 00:00:00'), ('815', '', 'Yehezkia Happy Nurhadie', '', 'yehezkia.nurhadie@prudential.com', 'A301150059', '', '', 'Kel. Surodakan RT05/01 Trenggalek', '', '', '', '0', '82333371188', '', '', '', '0', '', '0', '0', '0000-00-00 00:00:00'), ('816', '', 'Yelly', '', 'yelly_86@yahoo.com', 'A101150096', '', '', 'Jl  Flamboyan 9 Pegulon Kendal, Jawa tengah', '', '', '', '0', '8112799697', '', '', '', '0', '', '0', '0', '0000-00-00 00:00:00'), ('817', '', 'Fenancya Sitanggang', '', 'yenancya.vie@gmail.com', 'A301150151', '', '', 'Jl. Raya Siliwangi blok A3 no.1 Pamulang Barat, Pamulang, Tangerang Selatan', '', '', '', '0', '81294966494', '', '', '', '0', '', '0', '0', '0000-00-00 00:00:00'), ('818', '', 'Yeni Susanti', '', 'yeni_wasik@yahoo.com', 'A101150252', '', '', 'Pandean RT13/04 Waru, Sidoarjo', '', '', '', '0', '8563193735', '', '', '', '0', '', '0', '0', '0000-00-00 00:00:00'), ('819', '', 'Kho Chiang', '', 'yenwijaya75@yahoo.com', 'A101150026', '', '', 'Padmosusastro 45 RT 04/07 Wonokromo, Surabaya', '', '', '', '0', '031 31153473', '', '', '', '0', '', '0', '0', '0000-00-00 00:00:00'), ('820', '', 'Yeusy Baritauli', '', 'yeusy1084@yahoo.com', 'A101150205', '', '', 'San Diego M.5/32 Pakuwon City Mulyorejo,Surabaya', '', '', '', '0', '8111893212', '', '', '', '0', '', '0', '0', '0000-00-00 00:00:00'), ('821', '', 'Yudy Herryantoro', '', 'yh39mm@gmail.com', 'A401150012', '', '', 'Pondok Jati II/BN-10 Pagerwojo, Buduran, Sidoarjo', '', '', '', '0', '3160106719', '', '', '', '0', '', '0', '0', '0000-00-00 00:00:00'), ('822', '', 'Yan Arianto Soebekti', '', 'ynarianto@gmail.com', 'A101150156', '', '', 'Taman Kencana blok F 1/29 Kalideres, Jakarta Barat', '', '', '', '0', '81808182589', '', '', '', '0', '', '0', '0', '0000-00-00 00:00:00'), ('823', '', 'Herman Purnomo', '', 'yodzedenkai@yahoo.com', 'A401150092', '', '', 'Jl. Simo  Sidomulyo 3/38A Surabaya', '', '', '', '0', '81231555183', '', '', '', '0', '', '0', '0', '0000-00-00 00:00:00'), ('824', '', 'Esta Agnes Sri Murwani R.DRA', '', 'yoga_7088@yahoo.co.id', 'A101150092', '', '', 'Raya Nglames RT10/04 Madiun', '', '', '', '0', '85878888841', '', '', '', '0', '', '0', '0', '0000-00-00 00:00:00'), ('825', '', 'Maulana Prawira Yoga', '', 'yoghafc@gmail.com', 'A101150087', '', '', 'Jl. Citra sari no.5 TKR Selatan Pekanbaru, Riau', '', '', '', '0', '81314985096', '', '', '', '0', '', '0', '0', '0000-00-00 00:00:00'), ('826', '', 'Yogi Kurnia Rahayu', '', 'yogi_vjt@yahoo.com', 'A201150042', '', '', 'Balongsaritama 2A/2 Surabaya', '', '', '', '0', '', '', '', '', '0', '', '0', '3', '0000-00-00 00:00:00'), ('827', '', 'Yogi Aditya Prabowo', '', 'yogiiiaditya@gmail.com', 'A401150038', '', '', 'Jl. Veteran 42-44 PT. Bank Mandiri Area Niaga Lt.2 Surabaya', '', '', '', '0', '82244845184', '', '', '', '0', '', '0', '0', '0000-00-00 00:00:00'), ('828', '', 'Yohanes Susanto, DRS', '', 'yoh.susanto.5@gmail.com', 'A101150206', '', '', 'Jl. Sutorejo Utara 11/22 Surabaya', '', '', '', '0', '81330639898', '', '', '', '0', '', '0', '0', '0000-00-00 00:00:00'), ('829', '', 'Koesnadi', '', 'yohanes.koesnadi@gmail.com', 'A301150174', '', '', 'Jl. Baruk Utara IX/24 (Pondok Nirwana) Surabaya', '', '', '', '0', '816523074', '', '', '', '0', '', '0', '0', '0000-00-00 00:00:00'), ('830', '', 'Shinta Yoneva', '', 'yoneva_shinta@yahoo.com', 'A101150219', '', '', 'Jl. Kemang Raya no 124 Mampang Prapatan, Jakarta Selatan', '', '', '', '0', '81315112876', '', '', '', '0', '', '0', '0', '0000-00-00 00:00:00'), ('831', '', 'Yorisha Yosefine', '', 'yosefineyorisha@gmail.com', 'A201150054', '', '', 'Jl. Jeruk 6 no.49 Pondok Candra Indah, Waru, Sidoarjo', '', '', '', '0', '82333666123', '', '', '', '0', '', '0', '0', '0000-00-00 00:00:00'), ('832', '', 'Yohanes Somawiharja', '', 'yosoma@gmail.com', 'A101150144', '', '', 'Jl. Madrasah XI no.9A Jatinegara, Jakarta Timur', '', '', '', '0', '81227897700', '', '', '', '0', '', '0', '0', '0000-00-00 00:00:00'), ('833', '', 'Priyuwono Laksmono Anugroho', '', 'yoyon313@yahoo.co.id', 'A101150149', '', '', 'Dinoyo Baru 47 Tegalsari, Surabaya', '', '', '', '0', '81216923444', '', '', '', '0', '', '0', '0', '0000-00-00 00:00:00'), ('834', '', 'Yus Agustin', '', 'yozie_agustin@yahoo.com', 'A201150157', '', '', 'Vila Mahkota Pesona blok F3/1 Gunung Putri, Bogor', '', '', '', '0', '8129480916', '', '', '', '0', '', '0', '0', '0000-00-00 00:00:00'), ('835', '', 'Yuwono Suhardjo', '', 'ysuhardjo@yahoo.com', 'A101150249', '', '', 'Jl. Raya Mangga Besar no.4H Taman Sari, Jakarta Barat', '', '', '', '0', '8118888168', '', '', '', '0', '', '0', '0', '0000-00-00 00:00:00'), ('836', '', 'Agoes Slamet Wahyudi', '', 'yudi_tirandra@yahoo.com', 'A201150223', '', '', 'Jl. Kasim Jaya 3/6 Tanjungrejo, Sukun, Malang', '', '', '', '0', '81331689616', '', '', '', '0', '', '0', '0', '0000-00-00 00:00:00'), ('837', '', 'Rani Melati Anggraini', '', 'yudi_user@yahoo.com', 'A101150304', '', '', 'Petemon Sidomulyo 1/16-A Sawahan, Surabaya', '', '', '', '0', '81335119908', '', '', '', '0', '', '0', '0', '0000-00-00 00:00:00'), ('838', '', 'Yudyantoro Eko Priyambodo, SH', '', 'yudyantoro@gmail.com', 'A101150060', '', '', 'Pondok Maritim Indah blk Am-01 Wiyung, Surabaya', '', '', '', '0', '', '', '', '', '0', '', '0', '0', '0000-00-00 00:00:00'), ('839', '', 'Tjie Yudy Siswoko', '', 'yudysiswoko@hotmail.com', 'A201150030', '', '', 'Ngagel Madya 8/14 Surabaya', '', '', '', '0', '031 5024519', '', '', '', '0', '', '0', '0', '0000-00-00 00:00:00'), ('840', '', 'Yuki Eka Bastian', '', 'yukiekabastian@gmail.com', 'A101150207', '', '', 'Graha Pitaloka Blok C no.13 Kesambi, Cirebon', '', '', '', '0', '8112416161', '', '', '', '0', '', '0', '0', '0000-00-00 00:00:00'), ('841', '', 'Yuliatik ', '', 'yulia.dharmawan@yahoo.co.id', 'A101150376', '', '', 'Carat Rt02/01 Carat, Gempol, Pasuruan', '', '', '', '0', '85648144132', '', '', '', '0', '', '0', '0', '0000-00-00 00:00:00'), ('842', '', 'Yuliani Tanoyo', '', 'yuliani.tanoyo@yahoo.com', 'A101150283', '', '', 'Jl Raya Kendangsariblok I/8 Tenggilis Mejoyo, Surabaya', '', '', '', '0', '81703179000', '', '', '', '0', '', '0', '0', '0000-00-00 00:00:00'), ('843', '', 'Yulianti', '', 'yulianti.tan@yahoo.com', 'A101150209', '', '', 'Sedayu 07/20 Krembangan, Surabaya', '', '', '', '0', '818516501', '', '', '', '0', '', '0', '0', '0000-00-00 00:00:00'), ('844', '', 'Yulianti Astita', '', 'yulianti0726@gmail.com', 'A201150161', '', '', 'Rusun Harum Blok D1 Lt1 118 Jl. Tebet Barat Raya, Jakarta Selatan', '', '', '', '0', '81319223136', '', '', '', '0', '', '0', '0', '0000-00-00 00:00:00'), ('845', '', 'Yulianto Kosasih', '', 'yulko75@yahoo.com', 'A101150358', '', '', 'Jl. Kapten Piere Tandean no.4 Sentanan, Magersari, Mojokerto', '', '', '', '0', '85732487111', '', '', '', '0', '', '0', '0', '0000-00-00 00:00:00'), ('846', '', 'Iwan Yunariawan', '', 'yunariawan@gmail.com', 'A101150173', '', '', 'Perum Taman Wisata F-07 Waru, Sidoarjo', '', '', '', '0', '81330724911', '', '', '', '0', '', '0', '0', '0000-00-00 00:00:00'), ('847', '', 'Yunis Widyawati', '', 'yunis@tmpgroup.id.com', 'A201150038', '', '', 'Kp. Pondok Maritim indah Tahap II blok R31 Wiyung, Surabaya', '', '', '', '0', '81357710998', '', '', '', '0', '', '0', '0', '0000-00-00 00:00:00'), ('848', '', 'Mochammad Yunnus Saputra', '', 'yunus.ptik.63@gmail.com', 'A101150216', '', '', 'Perum Palm Residence blok A-28 Jambangan, Surabaya', '', '', '', '0', '81234582005', '', '', '', '0', '', '0', '0', '0000-00-00 00:00:00'), ('849', '', 'Yunus Lee Houw', '', 'yunusl33houw@gmail.com', 'A401150058', '', '', 'Raya Gubeng 16 Surabaya', '', '', '', '0', '89620956111', '', '', '', '0', '', '0', '0', '0000-00-00 00:00:00'), ('850', '', 'Iin Indrawati', '', 'yurezalina@yahoo.co.id', 'A101150097', '', '', 'Ikan Gurami 6/27 Perak Barat, Krembangan, Surabaya', '', '', '', '0', '87855002566', '', '', '', '0', '', '0', '0', '0000-00-00 00:00:00'), ('851', '', 'Moch. Asyik Yusak', '', 'yusni.adi@gmail.com', 'A101150059', '', '', 'Jl. Irian Jaya RT02/01 Buduran, Sidoarjo', '', '', '', '0', '81331380009', '', '', '', '0', '', '0', '0', '0000-00-00 00:00:00'), ('852', '', 'Pramudita Yustiani, ST', '', 'yustiani.pramudita@gmail.com', 'A101150309', '', '', 'Ketintang Selatan I/01 Jambangan, Surabaya', '', '', '', '0', '', '', '', '', '0', '', '0', '0', '0000-00-00 00:00:00'), ('853', '', 'Yusuf Kurniawan', '', 'yusuf@yolo.co.id', 'A301150014', '', '', 'Graha Kebonsari Elveka VII no 31 Surabaya', '', '', '', '0', '8113344260', '', '', '', '0', '', '0', '0', '0000-00-00 00:00:00'), ('854', '', 'Yusuf', '', 'yusuf79@yahoo.com', 'A101150167', '', '', 'Jl. Laks. Martadinata S9/P Malang', '', '', '', '0', '81359294595', '', '', '', '0', '', '0', '0', '0000-00-00 00:00:00'), ('855', '', 'Yuyud Ferianto', '', 'yuyudferianto@gmail.com', 'A101150143', '', '', 'Jl. Taruna Kabupaten Kutai Kertanegara, Kalimantan Timur', '', '', '', '0', '81347013176', '', '', '', '0', '', '0', '0', '0000-00-00 00:00:00'), ('856', '', 'M. Zainur Rochman, SH', '', 'zainadhiaksa@gmail.com', 'A101150042', '', '', 'Dusun Jagir RT03/01 Tlogoagung, Baureno, Bojonegoro', '', '', '', '0', '81247756001', '', '', '', '0', '', '0', '0', '0000-00-00 00:00:00'), ('857', '', 'Amanda Mega Gupita', '', 'zakia.z@hotmail.com', 'A101150170', '', '', 'Jl. Perikani I no. 50 RT07/03 Cipinang, Pulogadung', '', '', '', '0', '81295847979', '', '', '', '0', '', '0', '0', '0000-00-00 00:00:00'), ('858', '', 'Muhammad Bakhrudin Zuhri', '', 'zuhrybakhr@gmail.com', 'A101150024', '', '', 'Jl. KHA. Dahlan 80 Lamongan', '', '', '', '0', '', '', '', '', '0', '', '0', '0', '0000-00-00 00:00:00'), ('859', '', 'Zulfaidah Penata Gama', '', 'zulfaidah@yahoo.com', 'A301150153', '', '', 'Pondok Alam Sugura-gura C-14 Dinoyo, Malang', '', '', '', '0', '8123317453', '', '', '', '0', '', '0', '0', '0000-00-00 00:00:00'), ('860', '', 'Eko Mujiono, SE, MM', '', 'aletasub@gmail.com', '201150004', '', '', 'Perum Citra Harmoni blok 12/12 Kramat Jegu, Taman, Sidoarjo', '', '', '', '0', '81330761775', '', '', '', '0', '', '0', '0', '0000-00-00 00:00:00'), ('861', '', 'Bety Dwi Kurniawati', '', 'btnia_1@yahoo.com', '201150005', '', '', 'Jl. Letjen Suprapto 9E Sidoarjo', '', '', '', '0', '', '', '', '', '0', '', '0', '0', '0000-00-00 00:00:00'), ('862', '', 'Suro Edy Pramono', '', 'dutasemeru@yahoo.com', '201150006', '', '', 'Jl. Kaliwaron 50 Surabaya', '', '', '', '0', '', '', '', '', '0', '', '0', '0', '0000-00-00 00:00:00'), ('863', '', 'Supomo', '', 'nuansa_tourtravel@yahoo.com', '201150007', '', '', 'Perum Pabean Asri blok Q-9 Sedati Sidoarjo', '', '', '', '0', '8123019299', '', '', '', '0', '', '0', '0', '0000-00-00 00:00:00'), ('864', '', 'Rosy Meida Ekasari', '', 'rossmerry07@yahoo.com', '201150009', '', '', 'Jl. Letjen Suprapto 9E Sidoarjo', '', '', '', '0', '', '', '', '', '0', '', '0', '0', '0000-00-00 00:00:00'), ('865', '', 'Rini', '', 'saforma@gmail.com', '201150001', '', '', 'Gang Tengah RT02/01 Ngelames Madiun', '', '', '', '0', '81332862669', '', '', '', '0', '', '0', '0', '0000-00-00 00:00:00'), ('866', '', 'Budi Utomo', '', 'sandytourandtravel@ymail.com', '201150010', '', '', 'Jl. Banyu Urip Wetan 1B/1 Surabaya', '', '', '', '0', '82139688815', '', '', '', '0', '', '0', '0', '0000-00-00 00:00:00'), ('867', '', 'Supriyadi, SE', '', 'supri_noer@yahoo.com', '201150008', '', '', 'Taman Suko Asri K9 RT32/08 Sukodono, Sidoarjo', '', '', '', '0', '81216506269', '', '', '', '0', '', '0', '0', '0000-00-00 00:00:00'), ('868', '', 'Swabina Gatra Tour & Travel', '', 'tour.swabina@gmail.com', '201150012', '', '', 'Jl. RA. Kartini no.21A Gresik', '', '', '', '0', '', '', '', '', '0', '', '0', '0', '0000-00-00 00:00:00'), ('869', '', 'Matarianto', '', 'tour_arta@yahoo.com', '201150011', '', '', 'Tengger Kandangan IX/V Manukan Surabaya', '', '', '', '0', '81331828376', '', '', '', '0', '', '0', '0', '0000-00-00 00:00:00'), ('870', '', 'Abusufyan', '', 'abu.sufiyan@orenztaxi.com', '201150054', '', '', 'Tambak Grinsing 5/14 Krembangan, Surabaya', '', '', '', '0', '85730038689', '', '', '', '0', '', '0', '0', '0000-00-00 00:00:00'), ('871', '', 'Nurali Effendy', '', 'alstarmanagement@gmail.com', '401150016', '', '', 'Griya Jombang Indah 8/15 Jombang', '', '', '', '0', '81233810127', '', '', '', '0', '', '0', '0', '0000-00-00 00:00:00'), ('872', '', 'Andre, SH', '', 'andre.andre@acegroup.com', '201150010', '', '', 'Sorrento H1/6 Pakuwon City RT05/08 Mulyorejo, Surabaya', '', '', '', '0', '8111803434', '', '', '', '0', '', '0', '0', '0000-00-00 00:00:00'), ('873', '', '', '', 'ariefsansi@liberro.biz', '401150019', '', '', '', '', '', '', '0', '8113346810', '', '', '', '0', '', '0', '0', '0000-00-00 00:00:00'), ('874', '', '', '', 'arthabeth_54@yahoo.com', '201150045', '', '', '', '', '', '', '0', '', '', '', '', '0', '', '0', '0', '0000-00-00 00:00:00'), ('875', '', 'Aswidati Rahayuningtyas', '', 'aswidati.rahayuningtyas@merck.com', '201150018', '', '', 'Jl. Durian no.14 Dermo Mulyoagung Dau, Malang', '', '', '', '0', '81553453992', '', '', '', '0', '', '0', '0', '0000-00-00 00:00:00'), ('876', '', 'Ayu Dewi Surtiani', '', 'ayu.dewi@oriflame.co.id', '201150053', '', '', 'Jl. Ikan Teri no.4 Perak Barat, Krembangan, Surabaya', '', '', '', '0', '81259884168', '', '', '', '0', '', '0', '0', '0000-00-00 00:00:00'), ('877', '', 'Bambang Supatra, SE', '', 'bambang_supatra@yahoo.com', '201150008', '', '', 'Jl. Lamongan Tengah 11/5 RT03/01 Bendanngi, Semarang', '', '', '', '0', '8122822788', '', '', '', '0', '', '0', '0', '0000-00-00 00:00:00'), ('878', '', 'Belinda Gabrielle Oetomo', '', 'belinda_ggbing@yahoo.co.id', '201150062', '', '', 'Wisma Permai Barat FP 12-14 Surabaya', '', '', '', '0', '8155039190', '', '', '', '0', '', '0', '0', '0000-00-00 00:00:00'), ('879', '', 'Betty Fardiana', '', 'betty@variausaha.com', '101150008', '', '', 'Raya Brantas 89 RT 01/05 Randuagung, Kebomas, Gresik', '', '', '', '0', '81357021982', '', '', '', '0', '', '0', '0', '0000-00-00 00:00:00'), ('880', '', 'Mochamad Reza Bondan Wibowo', '', 'bondan.wibowo@gmail.com', '101150012', '', '', 'Jl. Sulfat Agung IV/22 RT04/21 Blimbing, Malang', '', '', '', '0', '82166492912', '', '', '', '0', '', '0', '0', '0000-00-00 00:00:00'), ('881', '', 'Bambang Sampurno DR.Ir', '', 'bsampurno@me.its.ac.id', '201150032', '', '', 'Perum ITS blok T-71 Keputih, Sukolilo, Surabaya', '', '', '', '0', '81216840619', '', '', '', '0', '', '0', '0', '0000-00-00 00:00:00'), ('882', '', 'Bunyamin Syukur', '', 'bunjamin.sukur@ipepemarineservice.co.id', '201150029', '', '', 'Jl. Enkasari 13 RT09/17 Durensawit, Jakarta', '', '', '', '0', '81514267315', '', '', '', '0', '', '0', '0', '0000-00-00 00:00:00'), ('883', '', 'Damastya Prajogo', '', 'damastyaprajogo@gmail.com', '201150009', '', '', 'Dukuh Kupang Barat 17/8 RT01/08 Dukuh Pakis, Surabaya', '', '', '', '0', '031 5671644', '', '', '', '0', '', '0', '0', '0000-00-00 00:00:00'), ('884', '', 'Deciana', '', 'dca_kksby@yahoo.co.id', '301150007', '', '', 'Perum Graha Juanda D-16 RT25/04 Damarsi, Buduran, Sidoarjo', '', '', '', '0', '81510170998', '', '', '', '0', '', '0', '0', '0000-00-00 00:00:00'), ('885', '', 'Fransisca', '', 'dci52fransisca@gmail.com', '201150048', '', '', 'Jl. Sekolah Duta V no.14 Jakarta Selatan', '', '', '', '0', '8179333302', '', '', '', '0', '', '0', '0', '0000-00-00 00:00:00'), ('886', '', 'Dedy Mahendra Yulianto', '', 'dedymahendra@society.co.id', '401150005', '', '', 'Jl. Pogot 06/84 Kenjeran, Surabaya', '', '', '', '0', '82233141082', '', '', '', '0', '', '0', '0', '0000-00-00 00:00:00'), ('887', '', 'Dedy Mayfanto', '', 'dedytrijaya@yahoo.com', '201150056', '', '', 'Setro Baru Utara 4/107 Tambak Sari Surabaya', '', '', '', '0', '88803778691', '', '', '', '0', '', '0', '0', '0000-00-00 00:00:00'), ('888', '', 'Denny Ferlinda Suharyanto', '', 'denny.ferlinda@syslab.co.id', '401150003', '', '', 'Margorejo 2-D/53 Wonocolo, Surabaya', '', '', '', '0', '8111637240', '', '', '', '0', '', '0', '0', '0000-00-00 00:00:00'), ('889', '', 'Dr. Satyagraha Suryaagust, SH, MH', '', 'dhanny_zatya@yahoo.com', '101150005', '', '', 'Jl. Kakatua 3 no 49B Mamajang, Makasar', '', '', '', '0', '8113477339', '', '', '', '0', '', '0', '0', '0000-00-00 00:00:00'), ('890', '', 'Disi Fatmawati', '', 'disi.fatmawati@gmail.com', '901150003', '', '', 'Jl. Bratang Gede VI/i 27 Ngagelrejo, Wonokromo, Surabaya 60243', '', '', '', '0', '85733488555', '', '', '', '0', '', '0', '0', '0000-00-00 00:00:00'), ('891', '', 'Duwi Porwita Sari', '', 'duwiporwitasari@yahoo.com', '201150003', '', '', 'Jl. Raya Kedungturi no.6 Taman, Sidoarjo', '', '', '', '0', '811333742', '', '', '', '0', '', '0', '0', '0000-00-00 00:00:00'), ('892', '', 'Dwi Hartono', '', 'dwihatono0373@gmail.com', '401150011', '', '', 'Komplek Lapas Jombang', '', '', '', '0', '81348419294', '', '', '', '0', '', '0', '0', '0000-00-00 00:00:00'), ('893', '', 'Edi Sukoco', '', 'edisukoco8@gmail.com', '401150009', '', '', 'Jl. Kahuripan 98 Sidoarjo', '', '', '', '0', '82142407032', '', '', '', '0', '', '0', '0', '0000-00-00 00:00:00'), ('894', '', 'Saarce Elsye Hatane', '', 'elsyehat@petra.ac.id', '201150043', '', '', 'Perum Mega Asri P-27 Larangan, Candi, Sidoarjo', '', '', '', '0', '82132670343', '', '', '', '0', '', '0', '0', '0000-00-00 00:00:00'), ('895', '', 'Erkelin Sjarifah Sjamsoedin', '', 'erkelin@cni.co.id', '301150014', '', '', 'Griya Kencana II Blok HH/2 RT01/13 Sudimara Barat, Cileduk, Tangerang', '', '', '', '0', '81281820585', '', '', '', '0', '', '0', '0', '0000-00-00 00:00:00'), ('896', '', '', '', 'erwansetiawan@gmail.com', '401150021', '', '', '', '', '', '', '0', '87855485385', '', '', '', '0', '', '0', '0', '0000-00-00 00:00:00'), ('897', '', 'Ety Ratmawati Dias', '', 'ety.diaz@danamon.co.id', '201150001', '', '', 'Putat Jaya 3A no.11 Sawahan, Surabaya', '', '', '', '0', '8155137343', '', '', '', '0', '', '0', '0', '0000-00-00 00:00:00'), ('898', '', 'Ahmad Fathoni', '', 'fathoniahmad006@gmail.com', '401150020', '', '', '', '', '', '', '0', '8563484152', '', '', '', '0', '', '0', '0', '0000-00-00 00:00:00'), ('899', '', 'Ir. Rudy Purbowahjono', '', 'fcn_trans@yahoo.com', '101150014', '', '', 'Perum Harapan Indah Blok TA no 9 Pejuang, Medan Satria, Bekasi', '', '', '', '0', '', '', '', '', '0', '', '0', '0', '0000-00-00 00:00:00'), ('900', '', 'Febe Emerald Rahardjo', '', 'febeemerald@yahoo.com', '201150059', '', '', 'Jl. Cendrawasih 1/6 Rewwin Waru', '', '', '', '0', '85646765171', '', '', '', '0', '', '0', '0', '0000-00-00 00:00:00'), ('901', '', 'Tjwan Hong Ferdinandus', '', 'ferdi@stts.edu', '401150004', '', '', 'Wisma Kedung Asem Indah GG-5 RT02/09 Kedung Baruk, Rungkut, Surabaya', '', '', '', '0', '816538990', '', '', '', '0', '', '0', '0', '0000-00-00 00:00:00'), ('902', '', 'Nunik Murtini', '', 'finglsb@indosat.net.id', '301150015', '', '', '', '', '', '', '0', '81357777637', '', '', '', '0', '', '0', '0', '0000-00-00 00:00:00'), ('903', '', 'Galuh Perdana Putra', '', 'galuhwh@gmail.com', '201150017', '', '', 'Kertoharjo RT01/01 Kintelan, Puri, Mojokerto', '', '', '', '0', '', '', '', '', '0', '', '0', '0', '0000-00-00 00:00:00'), ('904', '', 'Nofian Supriyono', '', 'genok_smstours@yahoo.co.id', '101150011', '', '', '', '', '', '', '0', '8113440706', '', '', '', '0', '', '0', '0', '0000-00-00 00:00:00'), ('905', '', 'R. Hari Poerwanto', '', 'hari.pungky@gmail.com', '101150003', '', '', 'Jl. Danau Tigi C3 J-15 Kedungkandang, Malang', '', '', '', '0', '81555725885', '', '', '', '0', '', '0', '0', '0000-00-00 00:00:00'), ('906', '', 'Haydar', '', 'haydar_etira@yahoo.co.id', '201150013', '', '', 'Perum Istana Bedali Agung AL-04, Lawang, Malang', '', '', '', '0', '', '', '', '', '0', '', '0', '0', '0000-00-00 00:00:00'), ('907', '', 'Reliance Securities', '', 'hellokitty5178@gmail.com', '201150033', '', '', 'Karanglo Indah W 11 RT03/04 Balearjosari, Blimbing, Malang', '', '', '', '0', '81805112299', '', '', '', '0', '', '0', '0', '0000-00-00 00:00:00'), ('908', '', 'Hengfi Gunawan', '', 'hengfi.gunawan@gmail.com', '401150023', '', '', '', '', '', '', '0', '81282658888', '', '', '', '0', '', '0', '0', '0000-00-00 00:00:00'), ('909', '', 'Henny Mustikasari', '', 'hennymudjoko@yahoo.co.id', '301150020', '', '', 'Ploso Kerep RT02/03, Sumobito', '', '', '', '0', '', '', '', '', '0', '', '0', '0', '0000-00-00 00:00:00');
INSERT INTO `users` VALUES ('910', '', 'Heru Budi Wiyono', '', 'heru.budi@bankmestika.co.id', '401150017', '', '', 'Jl. Putat no.20 Putat Jaya, Sawahan, Surabaya', '', '', '', '0', '81335234511', '', '', '', '0', '', '0', '0', '0000-00-00 00:00:00'), ('911', '', 'Heru Darmanto', '', 'herudarmanto@ymail.com', '101150009', '', '', 'Jl. Veteran no.276 Serengan, Surakarta', '', '', '', '0', '811295607', '', '', '', '0', '', '0', '0', '0000-00-00 00:00:00'), ('912', '', 'I Dewa Putu Asthadiputra', '', 'idp_a@bi.go.id', '201150050', '', '', 'Kutisari Indah Selatan I/137 Kutisari, Tenggilis Mejoyo, Surabaya', '', '', '', '0', '8123047888', '', '', '', '0', '', '0', '0', '0000-00-00 00:00:00'), ('913', '', 'Inda Wahyuni', '', 'inda@variausaha.com', '201150047', '', '', 'Jl. Awikoen Madya Timur no.32 Kebomas, Gresik', '', '', '', '0', '8123570926', '', '', '', '0', '', '0', '0', '0000-00-00 00:00:00'), ('914', '', 'Fitri Indah Arifianti', '', 'indah.arifianti@gmail.com', '401150001', '', '', 'Dukuh Kupang Timur 15/34 Surabaya', '', '', '', '0', '85648221522', '', '', '', '0', '', '0', '0', '0000-00-00 00:00:00'), ('915', '', 'Christiawan', '', 'iwan_cht@yahoo.co.id', '201150039', '', '', 'Cipinang Kebembem E/15 Cipinang, Pulogadung, Jakarta Timur', '', '', '', '0', '81299333786', '', '', '', '0', '', '0', '0', '0000-00-00 00:00:00'), ('916', '', 'Iwan Ridwan', '', 'iwanridwanjusuf@gmail.com', '101150004', '', '', 'Jl. Suryalaya no.133 Buah Batu Komp. BI Lengkong, Bandung', '', '', '', '0', '81313099995', '', '', '', '0', '', '0', '0', '0000-00-00 00:00:00'), ('917', '', 'Muhammad Arifianto', '', 'iwans28@yahoo.com', '201150024', '', '', 'Perum Sekar asri D-08 Sekargadung, Purworejo, Pasuruan', '', '', '', '0', '8123211366', '', '', '', '0', '', '0', '0', '0000-00-00 00:00:00'), ('918', '', 'James Nicolas', '', 'jamicola@gmail.com', '301150016', '', '', 'Deltasari Indah BH-34 RT04/11 Kureksari, Waru, Sidoarjo', '', '', '', '0', '8123527262', '', '', '', '0', '', '0', '0', '0000-00-00 00:00:00'), ('919', '', 'Julia Setiawan', '', 'julia_setiawan@yahoo.com', '401150010', '', '', 'Jl. Nginden Intan Tengah E4/9 Sukolilo, Surabaya', '', '', '', '0', '82231022766', '', '', '', '0', '', '0', '0', '0000-00-00 00:00:00'), ('920', '', 'Kushariyanto', '', 'kushariyanto_kushariyanto@ymail.com', '201150022', '', '', 'Jl. Amuntai no.24 Kota Baru Gresik', '', '', '', '0', '8123096083', '', '', '', '0', '', '0', '0', '0000-00-00 00:00:00'), ('921', '', 'Lena Hartatik', '', 'lena_hartatik@app.co.id', '201150014', '', '', '', '', '', '', '0', '8123521818', '', '', '', '0', '', '0', '0', '0000-00-00 00:00:00'), ('922', '', 'Like Raskova Octaberlina', '', 'like-raskova@yahoo.com', '101150010', '', '', 'Jl. Kembang Sepatu no.1A RT02/01 Lowokwaru, Malang', '', '', '', '0', '81233233144', '', '', '', '0', '', '0', '0', '0000-00-00 00:00:00'), ('923', '', 'Yuni', '', 'limyuni3007@yahoo.com', '201150038', '', '', 'Kalijudan Indah Blok U-6 RT 03/07 Kalijudan, Mulyorejo, Surabaya', '', '', '', '0', '83873899999', '', '', '', '0', '', '0', '0', '0000-00-00 00:00:00'), ('924', '', 'Linda', '', 'lindarakhma85@gmail.com', '901150001', '', '', '', '', '', '', '0', '82210107778', '', '', '', '0', '', '0', '0', '0000-00-00 00:00:00'), ('925', '', 'Shinta Puspitasari', '', 'loliloli_siip@yahoo.com', '201150028', '', '', '', '', '', '', '0', '021 4721286', '', '', '', '0', '', '0', '0', '0000-00-00 00:00:00'), ('926', '', 'Lydia Winiasih', '', 'lydi_winnie@live.com', '401150002', '', '', 'Nginden Baru VIII/B-21 RT06/03 Semolowaru, Sukolilo, Surabaya', '', '', '', '0', '81230624354', '', '', '', '0', '', '0', '0', '0000-00-00 00:00:00'), ('927', '', 'Muhammad Muhib', '', 'm.muhib_muhib@yahoo.com', '101150013', '', '', 'Ploso Timur 1/66 Tambak Sari, Surabaya', '', '', '', '0', '8563322200', '', '', '', '0', '', '0', '0', '0000-00-00 00:00:00'), ('928', '', 'Mafula', '', 'mafula@semenindonesia.com', '201150049', '', '', 'Perum PT. Semen Gresik, Sidomoro, Kebomas, Gresik 61122', '', '', '', '0', '8123031080', '', '', '', '0', '', '0', '0', '0000-00-00 00:00:00'), ('929', '', 'Moh. Mahyusi', '', 'mahyusimmm01@gmail.com', '201150055', '', '', 'Dsn. Kedungsari RT03/04 Balongsari, Megaluh, Surabaya', '', '', '', '0', '81232300195', '', '', '', '0', '', '0', '0', '0000-00-00 00:00:00'), ('930', '', 'Maria Praptiningsih', '', 'maria_npa@yahoo.com', '201150051', '', '', 'Perumahan Gunung Sari Indah T/24 Surabaya 60223', '', '', '', '0', '81330257939', '', '', '', '0', '', '0', '0', '0000-00-00 00:00:00'), ('931', '', 'Michael Christiano', '', 'michaelcenchristiano@gmail.com', '401150014', '', '', '', '', '', '', '0', '83856606300', '', '', '', '0', '', '0', '0', '0000-00-00 00:00:00'), ('932', '', 'Tee Min Ling', '', 'minlingtee@yahoo.com', '201150005', '', '', 'Pakuwon City San Antonio N13-23 Surabaya', '', '', '', '0', '811319190', '', '', '', '0', '', '0', '0', '0000-00-00 00:00:00'), ('933', '', 'Miryani Mulianingsih', '', 'mir_lovejs@yahoo.com', '401150015', '', '', '', '', '', '', '0', '81803200670', '', '', '', '0', '', '0', '0', '0000-00-00 00:00:00'), ('934', '', 'R. Novitrias Priyono', '', 'novitriasp@yahoo.com', '201150040', '', '', 'Jl. Rungkut Asri XIII/17 (RL3,E7) RT04/09 Rungkut, Surabaya', '', '', '', '0', '818526029', '', '', '', '0', '', '0', '0', '0000-00-00 00:00:00'), ('935', '', 'Yayasan Al Khoiriyah (Agus Zubaidi)', '', 'nurjalii9@gmail.com', '201150034', '', '', 'Jl. Sultan Iskandar Muda 36 Surabaya', '', '', '', '0', '', '', '', '', '0', '', '0', '0', '0000-00-00 00:00:00'), ('936', '', 'Nurul Widiana', '', 'nurul.widiana@indomilk.com', '201150023', '', '', 'Permata Jingga Anggrek 8/9 Malang', '', '', '', '0', '8123599320', '', '', '', '0', '', '0', '0', '0000-00-00 00:00:00'), ('937', '', 'Nurul Hidayah', '', 'nurul_hyda14@yahoo.com', '301150002', '', '', 'Gunung Anyar Tengah 111a/27 Gunung Anyar, Surabaya', '', '', '', '0', '81331479897', '', '', '', '0', '', '0', '0', '0000-00-00 00:00:00'), ('938', '', 'Otto Bambang Wahyudi', '', 'otto_bambang@yahoo.com', '401150018', '', '', '', '', '', '', '0', '85645934666', '', '', '', '0', '', '0', '0', '0000-00-00 00:00:00'), ('939', '', 'Iwan Setiwan', '', 'plk.unair@yahoo.com', '401150007', '', '', 'Jl. Manyar Sabrangan IX/71 Surabaya', '', '', '', '0', '8563444501', '', '', '', '0', '', '0', '0', '0000-00-00 00:00:00'), ('940', '', 'Hesti', '', 'pratiwisky.penerbangan@yahoo.co.id', '401150013', '', '', '', '', '', '', '0', '81216267117', '', '', '', '0', '', '0', '0', '0000-00-00 00:00:00'), ('941', '', 'Rizal', '', 'prigitirta@gmail.com', '201150012', '', '', 'Jl. Raya Singosari Malang', '', '', '', '0', '85755555576', '', '', '', '0', '', '0', '0', '0000-00-00 00:00:00'), ('942', '', 'Ing Maranu', '', 'recuitment@mahagora.com', '101150001', '', '', 'Kenjeran no.546 Rungkut Kidul, Surabaya', '', '', '', '0', '', '', '', '', '0', '', '0', '0', '0000-00-00 00:00:00'), ('943', '', 'Maria', '', 'ria_audivi@yahoo.com', '401150012', '', '', '', '', '', '', '0', '031 5678478', '', '', '', '0', '', '0', '0', '0000-00-00 00:00:00'), ('944', '', 'Robby Kurniawan, SH', '', 'robbykurniawan_notaris@yahoo.com', '201150021', '', '', 'Prambanan Residence BC 16 Lakarsantri, Surabaya', '', '', '', '0', '818303907', '', '', '', '0', '', '0', '0', '0000-00-00 00:00:00'), ('945', '', 'Rifky Ruliyanto', '', 'rruliyanto@bankbii.com', '301150013', '', '', 'Perum Permata Tropodo blok E-1, Jl. Tropodo 1 Waru, Sidoarjo', '', '', '', '0', '85655558529', '', '', '', '0', '', '0', '0', '0000-00-00 00:00:00'), ('946', '', 'Sian Tandono Tan', '', 'sian.tandono@yahoo.co.id', '401150006', '', '', 'Jl. Durian 3/482 Perum Pondok Candra Indah, Tambak Rejo, Waru, Sidoarjo', '', '', '', '0', '', '', '', '', '0', '', '0', '0', '0000-00-00 00:00:00'), ('947', '', 'Anwar Siburian', '', 'siburiananwar@yahoo.com', '101150008', '', '', 'Jl. Raya Cilincing RT04/04 Cilincing, Jakarta Utara', '', '', '', '0', '89652748524', '', '', '', '0', '', '0', '0', '0000-00-00 00:00:00'), ('948', '', 'Sony Leo Harso', '', 'sonyleoharso@yahoo.co.id', '201150015', '', '', 'Gubeng Jaya 1/19 Surabaya', '', '', '', '0', '8123145492', '', '', '', '0', '', '0', '0', '0000-00-00 00:00:00'), ('949', '', 'Sunarto', '', 'sunarto@bpjsketenagakerjaan.go.id', '201150019', '', '', 'Jl. Maninjau E.10 no.22 BTN Pakunden, Sukorejo, Blitar', '', '', '', '0', '', '', '', '', '0', '', '0', '0', '0000-00-00 00:00:00'), ('950', '', 'Supri Harianto', '', 'supriharianto@untag-sby.ac.id', '201150042', '', '', '', '', '', '', '0', '81332265633', '', '', '', '0', '', '0', '0', '0000-00-00 00:00:00'), ('951', '', 'Teguh Purwito', '', 'teguh@agip.co.id', '201150041', '', '', 'Jl. Manyar Tirtosari XI/14 RT06/04 Surabaya', '', '', '', '0', '8123237078', '', '', '', '0', '', '0', '0', '0000-00-00 00:00:00'), ('952', '', 'Theodolus Indiananta Widariono', '', 'theo.grs@gmail.com', '201150011', '', '', 'Jl. Cimanuk No.24 Randuagung, Kebomas, Gresik', '', '', '', '0', '', '', '', '', '0', '', '0', '0', '0000-00-00 00:00:00'), ('953', '', 'Mochamad Tjatur Rachmady', '', 'tjatur.rachmady@bjtiport.co.id', '201150060', '', '', 'Jl. Rajawali III/4 Kepuh Kiriman, Waru, Sidoarjo', '', '', '', '0', '8563328887', '', '', '', '0', '', '0', '0', '0000-00-00 00:00:00'), ('954', '', 'Michael Supriyadie', '', 'tour.gpw@gmail.com', '101150015', '', '', 'RA. Kartini Gg. 18/71-B Sidomoro, Kebomas, Gresik', '', '', '', '0', '', '', '', '', '0', '', '0', '0', '0000-00-00 00:00:00'), ('955', '', 'Helena Geovani Yusren', '', 'victorchenconsultant@yahoo.co.id', '201150004', '', '', 'Jl. Cempaka Putih Tengah 21 no.9 Jakarta Pusat', '', '', '', '0', '81210060988', '', '', '', '0', '', '0', '0', '0000-00-00 00:00:00'), ('956', '', 'Wahyu Eko Susilo', '', 'waesilo@gmail.com', '201150007', '', '', 'Jl. Safir J1117 PPS Rt02/15 Suci, Manyar, Gresik', '', '', '', '0', '8123137258', '', '', '', '0', '', '0', '0', '0000-00-00 00:00:00'), ('957', '', 'Wahidin Rizal', '', 'wahidin.rizal@bpjsketenagakerjaan.go.id', '201150020', '', '', 'Perum Taman Permata Indah D-37 Pagak, Beji, Pasuruan 67154', '', '', '', '0', '82244100577', '', '', '', '0', '', '0', '0', '0000-00-00 00:00:00'), ('958', '', 'Wahyu Joko Prasetyo', '', 'wahyujokoprasetyo@gmail.com', '101150002', '', '', 'Mutiara Citra Graha blok F2 no 16 RT16/07 Candi, Sidoarjo', '', '', '', '0', '82131388350', '', '', '', '0', '', '0', '0', '0000-00-00 00:00:00'), ('959', '', 'Wiria', '', 'wiriayarke@yahoo.com', '101150009', '', '', 'Sutera Kirana V/22 RT02/07 Pondok Jagung Timur, Serpong Utara, Tangerang Selatan', '', '', '', '0', '81388772271', '', '', '', '0', '', '0', '0', '0000-00-00 00:00:00'), ('960', '', 'Tjiang Ferdy Utomo Radityo (Yohanes)', '', 'yohanes.dede0777@gmail.com', '201150044', '', '', '', '', '', '', '0', '81224850777', '', '', '', '0', '', '0', '0', '0000-00-00 00:00:00'), ('961', '', 'Yudo Kardono', '', 'yudokardono@gmail.com', '201150006', '', '', 'Jl. KH. Ismail 1/1 Kedung Maling, Sooko, Mojokerto', '', '', '', '0', '82230003037', '', '', '', '0', '', '0', '0', '0000-00-00 00:00:00'), ('962', '', 'Zulfi Elynawati', '', 'zulfi.elynawati@kamadjaja.com', '301150011', '', '', 'Dsn. Tambakan RT01/06 Tambakan, Gandusari, Blitar', '', '', '', '0', '', '', '', '', '0', '', '0', '0', '0000-00-00 00:00:00');
COMMIT;

SET FOREIGN_KEY_CHECKS = 1;
